e1,e2,ed1,ed2,t
0,0,0,0,0
1.02E-06,1.33E-05,5.32E-06,7.26E-05,0.01
1.93E-06,2.52E-05,1.06E-05,0.000151793802072309,0.02
2.75E-06,3.56E-05,1.56E-05,0.00023901426463846,0.03
3.46E-06,4.45E-05,2.03E-05,0.000337797451659294,0.04
4.06E-06,5.19E-05,2.56E-05,0.000465792056501213,0.05
4.57E-06,5.80E-05,3.13E-05,0.000630277091891451,0.06
5.00E-06,6.29E-05,3.62E-05,0.000822076105356895,0.07
5.35E-06,6.68E-05,3.97E-05,0.00104203343432174,0.08
5.60E-06,6.94E-05,4.19E-05,0.00130633085894782,0.09
5.75E-06,7.08E-05,4.33E-05,0.00166052351087287,0.1
5.83E-06,7.12E-05,4.47E-05,0.00221763913087325,0.11
5.86E-06,7.09E-05,4.71E-05,0.00325241785507058,0.12
5.78E-06,6.93E-05,4.96E-05,0.00536748365079554,0.13
5.66E-06,6.72E-05,5.18E-05,0.00901472450737995,0.14
5.54E-06,6.52E-05,5.32E-05,0.00749318442591074,0.15
5.42E-06,6.33E-05,5.38E-05,0.00464672010873302,0.16
5.27E-06,6.11E-05,5.38E-05,0.00321807516095585,0.17
5.07E-06,5.83E-05,5.34E-05,0.00243781783298336,0.18
4.80E-06,5.47E-05,5.33E-05,0.00197054923370743,0.19
4.32E-06,4.86E-05,5.34E-05,0.00166052764703695,0.2
3.75E-06,4.16E-05,5.34E-05,0.00143686512974761,0.21
3.23E-06,3.53E-05,5.31E-05,0.00126545503819164,0.22
2.83E-06,3.04E-05,5.23E-05,0.00112603179180482,0.23
2.55E-06,2.71E-05,5.10E-05,0.00100638784479923,0.24
2.35E-06,2.48E-05,4.92E-05,0.000899802074100897,0.25
2.18E-06,2.28E-05,4.69E-05,0.000803874067263233,0.26
1.95E-06,2.03E-05,4.46E-05,0.000720038510642396,0.27
1.63E-06,1.66E-05,4.26E-05,0.000652946229911744,0.28
8.93E-07,8.27E-06,4.02E-05,0.000585541655715227,0.29
1.20E-07,3.18E-06,3.72E-05,0.000516271165488691,0.3
1.13E-06,1.46E-05,3.42E-05,0.000453605087570752,0.31
1.96E-06,2.38E-05,3.14E-05,0.000400915263456314,0.32
2.51E-06,2.98E-05,2.90E-05,0.000358312192013655,0.33
2.75E-06,3.23E-05,2.69E-05,0.000323986013391064,0.34
2.71E-06,3.16E-05,2.51E-05,0.000295229410895992,0.35
2.46E-06,2.85E-05,2.32E-05,0.00026925551654744,0.36
2.11E-06,2.44E-05,2.13E-05,0.000243884380265735,0.37
1.80E-06,2.07E-05,1.93E-05,0.000218146750532,0.38
1.68E-06,1.91E-05,1.72E-05,0.000192837859058825,0.39
1.94E-06,2.19E-05,1.50E-05,0.000165149785973928,0.4
2.81E-06,3.13E-05,1.04E-05,0.000110714182000232,0.41
3.97E-06,4.38E-05,4.42E-06,4.26E-05,0.42
5.15E-06,5.66E-05,1.58E-06,2.49E-05,0.43
6.14E-06,6.74E-05,6.79E-06,8.24E-05,0.44
6.82E-06,7.45E-05,1.07E-05,0.000124220998852481,0.45
7.09E-06,7.74E-05,1.30E-05,0.000148119903460336,0.46
6.95E-06,7.57E-05,1.37E-05,0.000154375453903455,0.47
6.42E-06,6.98E-05,1.30E-05,0.00014534783819127,0.48
5.59E-06,6.06E-05,1.12E-05,0.000124988940314902,0.49
4.58E-06,4.93E-05,8.87E-06,9.84E-05,0.5
3.53E-06,3.78E-05,6.46E-06,7.15E-05,0.51
2.65E-06,2.81E-05,4.57E-06,5.04E-05,0.52
2.15E-06,2.25E-05,3.78E-06,4.16E-05,0.53
2.16E-06,2.26E-05,4.51E-06,4.93E-05,0.54
2.32E-06,2.42E-05,6.16E-06,6.70E-05,0.55
2.50E-06,2.60E-05,8.03E-06,8.72E-05,0.56
2.64E-06,2.75E-05,9.66E-06,0.00010473933806239,0.57
2.73E-06,2.84E-05,1.08E-05,0.000116711476663076,0.58
2.72E-06,2.82E-05,1.12E-05,0.000121753464569746,0.59
2.63E-06,2.72E-05,1.11E-05,0.000120020200826243,0.6
2.46E-06,2.54E-05,1.04E-05,0.000112910497259033,0.61
2.25E-06,2.31E-05,9.46E-06,0.00010285381176392,0.62
2.04E-06,2.08E-05,8.56E-06,9.31E-05,0.63
1.89E-06,1.91E-05,8.04E-06,8.76E-05,0.64
1.85E-06,1.87E-05,8.28E-06,9.03E-05,0.65
1.86E-06,1.87E-05,9.14E-06,9.98E-05,0.66
1.89E-06,1.89E-05,1.02E-05,0.000111554554902887,0.67
1.90E-06,1.90E-05,1.12E-05,0.000122136289809505,0.68
1.90E-06,1.89E-05,1.18E-05,0.000129276092683622,0.69
1.86E-06,1.84E-05,1.20E-05,0.000131739686153182,0.7
1.78E-06,1.76E-05,1.18E-05,0.000129228593469061,0.71
1.67E-06,1.64E-05,1.11E-05,0.000122291292425136,0.72
1.54E-06,1.49E-05,1.02E-05,0.000112242624053155,0.73
1.39E-06,1.33E-05,9.17E-06,0.000101091101343959,0.74
1.26E-06,1.19E-05,8.29E-06,9.15E-05,0.75
1.17E-06,1.09E-05,7.85E-06,8.66E-05,0.76
1.11E-06,1.02E-05,8.01E-06,8.86E-05,0.77
1.05E-06,9.49E-06,8.56E-06,9.47E-05,0.78
9.91E-07,8.76E-06,9.25E-06,0.000102425650776838,0.79
9.32E-07,8.04E-06,9.87E-06,0.000109435215052495,0.8
8.76E-07,7.36E-06,1.03E-05,0.000114155085100237,0.81
8.19E-07,6.70E-06,1.04E-05,0.000115486859313951,0.82
7.60E-07,6.04E-06,1.02E-05,0.000112844702368026,0.83
6.97E-07,5.35E-06,9.55E-06,0.00010614843149262,0.84
6.26E-07,4.61E-06,8.62E-06,9.58E-05,0.85
5.50E-07,3.81E-06,7.45E-06,8.28E-05,0.86
4.69E-07,2.97E-06,6.16E-06,6.85E-05,0.87
3.90E-07,2.15E-06,4.93E-06,5.48E-05,0.88
3.23E-07,1.44E-06,3.99E-06,4.43E-05,0.89
2.81E-07,9.68E-07,3.59E-06,3.99E-05,0.9
2.01E-07,5.04E-08,3.54E-06,3.94E-05,0.91
6.58E-08,1.49E-06,3.59E-06,4.01E-05,0.92
9.28E-08,3.30E-06,3.70E-06,4.13E-05,0.93
2.51E-07,5.12E-06,3.81E-06,4.27E-05,0.94
3.92E-07,6.72E-06,3.89E-06,4.36E-05,0.95
5.02E-07,7.99E-06,3.89E-06,4.37E-05,0.96
5.76E-07,8.83E-06,3.79E-06,4.26E-05,0.97
6.09E-07,9.21E-06,3.56E-06,4.01E-05,0.98
6.04E-07,9.14E-06,3.19E-06,3.59E-05,0.99
5.65E-07,8.68E-06,2.66E-06,3.00E-05,1
4.97E-07,7.88E-06,2.01E-06,2.27E-05,1.01
4.10E-07,6.86E-06,1.26E-06,1.42E-05,1.02
3.14E-07,5.74E-06,4.56E-07,5.29E-06,1.03
2.19E-07,4.63E-06,3.17E-07,3.35E-06,1.04
1.38E-07,3.69E-06,9.62E-07,1.06E-05,1.05
8.20E-08,3.04E-06,1.35E-06,1.49E-05,1.06
7.37E-08,2.96E-06,1.40E-06,1.54E-05,1.07
2.50E-07,4.94E-06,1.89E-06,2.08E-05,1.08
5.98E-07,8.81E-06,2.92E-06,3.20E-05,1.09
1.06E-06,1.39E-05,4.30E-06,4.71E-05,1.1
1.57E-06,1.97E-05,5.87E-06,6.41E-05,1.11
2.10E-06,2.55E-05,7.48E-06,8.17E-05,1.12
2.61E-06,3.11E-05,9.03E-06,9.86E-05,1.13
3.05E-06,3.61E-05,1.04E-05,0.000113785068503791,1.14
3.41E-06,4.01E-05,1.16E-05,0.000126626664643692,1.15
3.67E-06,4.29E-05,1.25E-05,0.000136549175799694,1.16
3.81E-06,4.44E-05,1.31E-05,0.000143210142340117,1.17
3.82E-06,4.46E-05,1.34E-05,0.000146436149656676,1.18
3.71E-06,4.33E-05,1.34E-05,0.000146204986533227,1.19
3.46E-06,4.06E-05,1.31E-05,0.000142628627281788,1.2
3.10E-06,3.66E-05,1.25E-05,0.000135937035639466,1.21
2.64E-06,3.14E-05,1.16E-05,0.000126462785155379,1.22
2.09E-06,2.52E-05,1.05E-05,0.000114626487869113,1.23
1.47E-06,1.84E-05,9.23E-06,0.000100923020478205,1.24
8.20E-07,1.11E-05,7.85E-06,8.59E-05,1.25
1.61E-07,3.83E-06,6.40E-06,7.02E-05,1.26
4.65E-07,3.11E-06,4.94E-06,5.44E-05,1.27
1.02E-06,9.24E-06,3.55E-06,3.92E-05,1.28
1.45E-06,1.40E-05,2.27E-06,2.53E-05,1.29
1.72E-06,1.70E-05,1.18E-06,1.34E-05,1.3
1.78E-06,1.75E-05,3.39E-07,4.28E-06,1.31
1.75E-06,1.72E-05,1.79E-07,1.41E-06,1.32
1.71E-06,1.66E-05,4.47E-07,4.36E-06,1.33
1.64E-06,1.59E-05,5.50E-07,5.51E-06,1.34
1.57E-06,1.50E-05,5.60E-07,5.65E-06,1.35
1.49E-06,1.41E-05,5.40E-07,5.44E-06,1.36
1.42E-06,1.33E-05,5.38E-07,5.45E-06,1.37
1.35E-06,1.26E-05,5.94E-07,6.08E-06,1.38
1.30E-06,1.19E-05,7.36E-07,7.64E-06,1.39
1.25E-06,1.14E-05,9.83E-07,1.03E-05,1.4
1.23E-06,1.11E-05,1.34E-06,1.43E-05,1.41
1.22E-06,1.09E-05,1.82E-06,1.94E-05,1.42
1.22E-06,1.09E-05,2.39E-06,2.57E-05,1.43
1.23E-06,1.10E-05,3.05E-06,3.28E-05,1.44
1.26E-06,1.13E-05,3.77E-06,4.06E-05,1.45
1.29E-06,1.15E-05,4.51E-06,4.86E-05,1.46
1.32E-06,1.18E-05,5.22E-06,5.62E-05,1.47
1.34E-06,1.20E-05,5.85E-06,6.31E-05,1.48
1.34E-06,1.20E-05,6.34E-06,6.84E-05,1.49
1.32E-06,1.17E-05,6.62E-06,7.14E-05,1.5
1.26E-06,1.11E-05,6.63E-06,7.14E-05,1.51
1.20E-06,1.04E-05,6.46E-06,6.95E-05,1.52
1.14E-06,9.75E-06,6.20E-06,6.67E-05,1.53
1.09E-06,9.15E-06,5.88E-06,6.32E-05,1.54
1.04E-06,8.57E-06,5.52E-06,5.94E-05,1.55
9.85E-07,8.02E-06,5.16E-06,5.54E-05,1.56
9.35E-07,7.49E-06,4.80E-06,5.15E-05,1.57
8.86E-07,6.96E-06,4.46E-06,4.78E-05,1.58
8.39E-07,6.44E-06,4.17E-06,4.46E-05,1.59
7.92E-07,5.93E-06,3.92E-06,4.19E-05,1.6
7.46E-07,5.43E-06,3.72E-06,3.98E-05,1.61
7.01E-07,4.94E-06,3.59E-06,3.84E-05,1.62
6.57E-07,4.46E-06,3.52E-06,3.76E-05,1.63
6.15E-07,3.99E-06,3.52E-06,3.75E-05,1.64
5.74E-07,3.54E-06,3.56E-06,3.80E-05,1.65
5.35E-07,3.10E-06,3.66E-06,3.90E-05,1.66
4.97E-07,2.67E-06,3.79E-06,4.04E-05,1.67
4.61E-07,2.26E-06,3.94E-06,4.20E-05,1.68
4.25E-07,1.86E-06,4.09E-06,4.35E-05,1.69
3.90E-07,1.47E-06,4.21E-06,4.48E-05,1.7
3.56E-07,1.08E-06,4.29E-06,4.56E-05,1.71
3.20E-07,6.92E-07,4.27E-06,4.54E-05,1.72
2.82E-07,2.87E-07,4.14E-06,4.40E-05,1.73
2.49E-07,6.01E-08,3.90E-06,4.14E-05,1.74
2.45E-07,8.99E-08,3.72E-06,3.94E-05,1.75
2.67E-07,1.55E-07,3.59E-06,3.80E-05,1.76
3.08E-07,6.10E-07,3.51E-06,3.71E-05,1.77
3.64E-07,1.22E-06,3.46E-06,3.66E-05,1.78
4.28E-07,1.92E-06,3.44E-06,3.63E-05,1.79
4.97E-07,2.66E-06,3.44E-06,3.63E-05,1.8
5.66E-07,3.41E-06,3.44E-06,3.63E-05,1.81
6.32E-07,4.13E-06,3.46E-06,3.64E-05,1.82
6.92E-07,4.77E-06,3.47E-06,3.66E-05,1.83
7.42E-07,5.32E-06,3.48E-06,3.66E-05,1.84
7.82E-07,5.75E-06,3.48E-06,3.66E-05,1.85
8.08E-07,6.04E-06,3.46E-06,3.64E-05,1.86
8.20E-07,6.17E-06,3.44E-06,3.62E-05,1.87
8.17E-07,6.13E-06,3.40E-06,3.57E-05,1.88
7.97E-07,5.93E-06,3.34E-06,3.51E-05,1.89
7.62E-07,5.55E-06,3.27E-06,3.43E-05,1.9
7.10E-07,5.00E-06,3.18E-06,3.33E-05,1.91
6.44E-07,4.29E-06,3.07E-06,3.21E-05,1.92
5.63E-07,3.42E-06,2.95E-06,3.08E-05,1.93
4.69E-07,2.43E-06,2.80E-06,2.93E-05,1.94
3.65E-07,1.31E-06,2.65E-06,2.76E-05,1.95
2.51E-07,1.04E-07,2.47E-06,2.57E-05,1.96
1.32E-07,1.17E-06,2.28E-06,2.37E-05,1.97
8.89E-09,2.47E-06,2.08E-06,2.15E-05,1.98
1.14E-07,3.77E-06,1.87E-06,1.92E-05,1.99
2.33E-07,5.03E-06,1.64E-06,1.68E-05,2
3.44E-07,6.20E-06,1.40E-06,1.43E-05,2.01
4.43E-07,7.24E-06,1.15E-06,1.16E-05,2.02
5.25E-07,8.09E-06,8.97E-07,8.92E-06,2.03
5.84E-07,8.70E-06,6.31E-07,6.11E-06,2.04
6.16E-07,9.01E-06,3.56E-07,3.22E-06,2.05
6.19E-07,9.02E-06,9.24E-08,4.51E-07,2.06
6.13E-07,8.93E-06,9.99E-08,1.57E-06,2.07
6.01E-07,8.78E-06,2.27E-07,2.90E-06,2.08
5.85E-07,8.59E-06,3.02E-07,3.68E-06,2.09
5.65E-07,8.36E-06,3.35E-07,4.03E-06,2.1
5.42E-07,8.10E-06,3.38E-07,4.06E-06,2.11
5.17E-07,7.83E-06,3.20E-07,3.87E-06,2.12
4.92E-07,7.55E-06,2.89E-07,3.55E-06,2.13
4.67E-07,7.27E-06,2.54E-07,3.18E-06,2.14
4.43E-07,7.00E-06,2.20E-07,2.83E-06,2.15
4.20E-07,6.74E-06,1.95E-07,2.56E-06,2.16
3.99E-07,6.51E-06,1.82E-07,2.43E-06,2.17
3.80E-07,6.30E-06,1.87E-07,2.48E-06,2.18
3.64E-07,6.11E-06,2.11E-07,2.73E-06,2.19
3.51E-07,5.96E-06,2.59E-07,3.22E-06,2.2
3.42E-07,5.83E-06,3.30E-07,3.96E-06,2.21
3.35E-07,5.74E-06,4.26E-07,4.95E-06,2.22
3.32E-07,5.68E-06,5.45E-07,6.19E-06,2.23
3.31E-07,5.66E-06,6.88E-07,7.66E-06,2.24
3.33E-07,5.65E-06,8.51E-07,9.35E-06,2.25
3.38E-07,5.68E-06,1.03E-06,1.12E-05,2.26
3.45E-07,5.72E-06,1.22E-06,1.32E-05,2.27
3.53E-07,5.77E-06,1.43E-06,1.53E-05,2.28
3.62E-07,5.83E-06,1.63E-06,1.74E-05,2.29
3.70E-07,5.89E-06,1.83E-06,1.95E-05,2.3
3.78E-07,5.94E-06,2.02E-06,2.14E-05,2.31
3.83E-07,5.97E-06,2.19E-06,2.31E-05,2.32
3.85E-07,5.97E-06,2.33E-06,2.45E-05,2.33
3.83E-07,5.92E-06,2.42E-06,2.55E-05,2.34
3.75E-07,5.82E-06,2.47E-06,2.60E-05,2.35
3.60E-07,5.64E-06,2.45E-06,2.58E-05,2.36
3.37E-07,5.39E-06,2.36E-06,2.49E-05,2.37
3.18E-07,5.18E-06,2.26E-06,2.38E-05,2.38
3.04E-07,5.01E-06,2.16E-06,2.28E-05,2.39
2.93E-07,4.88E-06,2.06E-06,2.17E-05,2.4
2.84E-07,4.78E-06,1.95E-06,2.06E-05,2.41
2.78E-07,4.71E-06,1.84E-06,1.95E-05,2.42
2.74E-07,4.66E-06,1.73E-06,1.84E-05,2.43
2.72E-07,4.62E-06,1.63E-06,1.73E-05,2.44
2.70E-07,4.59E-06,1.52E-06,1.62E-05,2.45
2.69E-07,4.57E-06,1.43E-06,1.52E-05,2.46
2.68E-07,4.55E-06,1.33E-06,1.42E-05,2.47
2.67E-07,4.53E-06,1.24E-06,1.33E-05,2.48
2.66E-07,4.51E-06,1.16E-06,1.25E-05,2.49
2.64E-07,4.47E-06,1.08E-06,1.17E-05,2.5
2.61E-07,4.43E-06,1.01E-06,1.09E-05,2.51
2.57E-07,4.38E-06,9.45E-07,1.03E-05,2.52
2.52E-07,4.31E-06,8.88E-07,9.70E-06,2.53
2.45E-07,4.23E-06,8.39E-07,9.19E-06,2.54
2.37E-07,4.13E-06,7.97E-07,8.76E-06,2.55
2.28E-07,4.02E-06,7.62E-07,8.39E-06,2.56
2.17E-07,3.90E-06,7.34E-07,8.10E-06,2.57
2.05E-07,3.75E-06,7.13E-07,7.88E-06,2.58
1.92E-07,3.60E-06,6.98E-07,7.72E-06,2.59
1.77E-07,3.42E-06,6.89E-07,7.61E-06,2.6
1.61E-07,3.24E-06,6.84E-07,7.55E-06,2.61
1.44E-07,3.04E-06,6.84E-07,7.53E-06,2.62
1.26E-07,2.83E-06,6.87E-07,7.54E-06,2.63
1.08E-07,2.62E-06,6.91E-07,7.58E-06,2.64
8.87E-08,2.40E-06,6.97E-07,7.61E-06,2.65
6.95E-08,2.18E-06,7.01E-07,7.64E-06,2.66
5.05E-08,1.95E-06,7.04E-07,7.65E-06,2.67
3.18E-08,1.74E-06,7.02E-07,7.62E-06,2.68
1.38E-08,1.53E-06,6.95E-07,7.54E-06,2.69
3.15E-09,1.33E-06,6.81E-07,7.37E-06,2.7
1.86E-08,1.15E-06,6.57E-07,7.12E-06,2.71
3.23E-08,9.83E-07,6.21E-07,6.74E-06,2.72
4.37E-08,8.47E-07,5.70E-07,6.22E-06,2.73
5.24E-08,7.41E-07,5.03E-07,5.53E-06,2.74
5.78E-08,6.72E-07,4.17E-07,4.66E-06,2.75
5.85E-08,6.49E-07,3.43E-07,3.91E-06,2.76
5.41E-08,6.73E-07,3.01E-07,3.48E-06,2.77
4.54E-08,7.36E-07,2.86E-07,3.34E-06,2.78
3.31E-08,8.33E-07,2.94E-07,3.44E-06,2.79
1.79E-08,9.57E-07,3.23E-07,3.74E-06,2.8
3.64E-10,1.10E-06,3.68E-07,4.21E-06,2.81
1.89E-08,1.26E-06,4.26E-07,4.82E-06,2.82
3.93E-08,1.44E-06,4.94E-07,5.52E-06,2.83
6.04E-08,1.62E-06,5.69E-07,6.29E-06,2.84
8.16E-08,1.80E-06,6.47E-07,7.11E-06,2.85
1.03E-07,1.98E-06,7.27E-07,7.93E-06,2.86
1.23E-07,2.15E-06,8.07E-07,8.75E-06,2.87
1.42E-07,2.31E-06,8.83E-07,9.53E-06,2.88
1.60E-07,2.47E-06,9.53E-07,1.03E-05,2.89
1.76E-07,2.60E-06,1.02E-06,1.09E-05,2.9
1.90E-07,2.72E-06,1.07E-06,1.15E-05,2.91
2.02E-07,2.82E-06,1.12E-06,1.19E-05,2.92
2.12E-07,2.90E-06,1.15E-06,1.23E-05,2.93
2.19E-07,2.95E-06,1.17E-06,1.25E-05,2.94
2.24E-07,2.98E-06,1.18E-06,1.26E-05,2.95
2.25E-07,2.98E-06,1.17E-06,1.25E-05,2.96
2.25E-07,2.96E-06,1.15E-06,1.23E-05,2.97
2.21E-07,2.91E-06,1.12E-06,1.19E-05,2.98
2.15E-07,2.83E-06,1.07E-06,1.14E-05,2.99
2.06E-07,2.73E-06,1.00E-06,1.07E-05,3
1.94E-07,2.60E-06,9.20E-07,9.92E-06,3.01
1.80E-07,2.45E-06,8.26E-07,8.97E-06,3.02
1.63E-07,2.27E-06,7.19E-07,7.87E-06,3.03
1.45E-07,2.08E-06,5.99E-07,6.65E-06,3.04
1.25E-07,1.87E-06,4.68E-07,5.31E-06,3.05
1.02E-07,1.63E-06,3.26E-07,3.87E-06,3.06
7.91E-08,1.39E-06,1.76E-07,2.34E-06,3.07
5.46E-08,1.13E-06,1.83E-08,7.33E-07,3.08
2.95E-08,8.71E-07,1.45E-07,9.24E-07,3.09
4.06E-09,6.04E-07,3.11E-07,2.62E-06,3.1
2.13E-08,3.37E-07,4.78E-07,4.32E-06,3.11
4.61E-08,7.56E-08,6.45E-07,6.01E-06,3.12
6.98E-08,1.77E-07,8.07E-07,7.66E-06,3.13
9.20E-08,4.15E-07,9.63E-07,9.24E-06,3.14
1.12E-07,6.33E-07,1.11E-06,1.07E-05,3.15
1.30E-07,8.25E-07,1.24E-06,1.21E-05,3.16
1.44E-07,9.85E-07,1.36E-06,1.33E-05,3.17
1.54E-07,1.11E-06,1.46E-06,1.42E-05,3.18
1.60E-07,1.18E-06,1.53E-06,1.50E-05,3.19
1.61E-07,1.21E-06,1.58E-06,1.55E-05,3.2
1.56E-07,1.17E-06,1.59E-06,1.56E-05,3.21
1.44E-07,1.07E-06,1.57E-06,1.54E-05,3.22
1.29E-07,9.34E-07,1.52E-06,1.49E-05,3.23
1.14E-07,8.11E-07,1.46E-06,1.43E-05,3.24
9.92E-08,7.02E-07,1.40E-06,1.36E-05,3.25
8.55E-08,6.07E-07,1.32E-06,1.28E-05,3.26
7.25E-08,5.23E-07,1.24E-06,1.20E-05,3.27
6.02E-08,4.49E-07,1.15E-06,1.11E-05,3.28
4.85E-08,3.85E-07,1.06E-06,1.02E-05,3.29
3.76E-08,3.29E-07,9.72E-07,9.32E-06,3.3
2.74E-08,2.80E-07,8.82E-07,8.41E-06,3.31
1.78E-08,2.37E-07,7.93E-07,7.51E-06,3.32
8.86E-09,2.00E-07,7.06E-07,6.63E-06,3.33
5.70E-10,1.67E-07,6.22E-07,5.79E-06,3.34
7.11E-09,1.38E-07,5.43E-07,4.98E-06,3.35
1.42E-08,1.11E-07,4.68E-07,4.23E-06,3.36
2.07E-08,8.73E-08,3.99E-07,3.54E-06,3.37
2.68E-08,6.52E-08,3.36E-07,2.90E-06,3.38
3.23E-08,4.43E-08,2.80E-07,2.34E-06,3.39
3.73E-08,2.41E-08,2.32E-07,1.85E-06,3.4
4.20E-08,4.17E-09,1.90E-07,1.44E-06,3.41
4.62E-08,1.58E-08,1.57E-07,1.10E-06,3.42
5.02E-08,3.62E-08,1.32E-07,8.46E-07,3.43
5.38E-08,5.74E-08,1.14E-07,6.72E-07,3.44
5.71E-08,7.95E-08,1.05E-07,5.80E-07,3.45
6.02E-08,1.03E-07,1.04E-07,5.67E-07,3.46
6.31E-08,1.27E-07,1.10E-07,6.32E-07,3.47
6.59E-08,1.54E-07,1.24E-07,7.71E-07,3.48
6.86E-08,1.81E-07,1.45E-07,9.81E-07,3.49
7.12E-08,2.11E-07,1.72E-07,1.26E-06,3.5
7.38E-08,2.42E-07,2.05E-07,1.59E-06,3.51
7.64E-08,2.75E-07,2.44E-07,1.98E-06,3.52
7.91E-08,3.09E-07,2.87E-07,2.42E-06,3.53
8.18E-08,3.46E-07,3.34E-07,2.89E-06,3.54
8.46E-08,3.84E-07,3.84E-07,3.39E-06,3.55
8.76E-08,4.23E-07,4.36E-07,3.91E-06,3.56
9.08E-08,4.64E-07,4.88E-07,4.43E-06,3.57
9.42E-08,5.06E-07,5.39E-07,4.95E-06,3.58
9.77E-08,5.49E-07,5.89E-07,5.45E-06,3.59
1.02E-07,5.94E-07,6.36E-07,5.92E-06,3.6
1.06E-07,6.39E-07,6.77E-07,6.34E-06,3.61
1.10E-07,6.85E-07,7.13E-07,6.69E-06,3.62
1.15E-07,7.32E-07,7.40E-07,6.97E-06,3.63
1.20E-07,7.79E-07,7.58E-07,7.15E-06,3.64
1.25E-07,8.26E-07,7.64E-07,7.21E-06,3.65
1.30E-07,8.73E-07,7.57E-07,7.14E-06,3.66
1.36E-07,9.21E-07,7.34E-07,6.92E-06,3.67
1.42E-07,9.68E-07,6.94E-07,6.52E-06,3.68
1.48E-07,1.01E-06,6.34E-07,5.92E-06,3.69
1.53E-07,1.04E-06,5.66E-07,5.25E-06,3.7
1.53E-07,9.92E-07,5.29E-07,4.87E-06,3.71
1.48E-07,8.77E-07,5.20E-07,4.79E-06,3.72
1.38E-07,7.03E-07,5.36E-07,4.96E-06,3.73
1.25E-07,4.79E-07,5.75E-07,5.36E-06,3.74
1.08E-07,2.12E-07,6.34E-07,5.95E-06,3.75
8.91E-08,8.95E-08,7.10E-07,6.71E-06,3.76
6.77E-08,4.19E-07,7.99E-07,7.62E-06,3.77
4.47E-08,7.71E-07,9.01E-07,8.64E-06,3.78
2.03E-08,1.14E-06,1.01E-06,9.76E-06,3.79
4.80E-09,1.51E-06,1.13E-06,1.09E-05,3.8
3.03E-08,1.89E-06,1.25E-06,1.22E-05,3.81
5.59E-08,2.27E-06,1.38E-06,1.34E-05,3.82
8.10E-08,2.64E-06,1.50E-06,1.47E-05,3.83
1.05E-07,3.00E-06,1.63E-06,1.60E-05,3.84
1.29E-07,3.34E-06,1.75E-06,1.72E-05,3.85
1.51E-07,3.66E-06,1.87E-06,1.84E-05,3.86
1.71E-07,3.96E-06,1.98E-06,1.95E-05,3.87
1.90E-07,4.24E-06,2.09E-06,2.06E-05,3.88
2.06E-07,4.48E-06,2.18E-06,2.15E-05,3.89
2.20E-07,4.69E-06,2.27E-06,2.24E-05,3.9
2.32E-07,4.87E-06,2.34E-06,2.31E-05,3.91
2.40E-07,5.01E-06,2.40E-06,2.37E-05,3.92
2.46E-07,5.12E-06,2.45E-06,2.42E-05,3.93
2.49E-07,5.18E-06,2.49E-06,2.46E-05,3.94
2.49E-07,5.21E-06,2.51E-06,2.48E-05,3.95
2.46E-07,5.19E-06,2.51E-06,2.48E-05,3.96
2.39E-07,5.14E-06,2.50E-06,2.48E-05,3.97
2.29E-07,5.04E-06,2.48E-06,2.45E-05,3.98
2.16E-07,4.90E-06,2.44E-06,2.41E-05,3.99
2.00E-07,4.72E-06,2.38E-06,2.35E-05,4
1.80E-07,4.51E-06,2.31E-06,2.28E-05,4.01
1.58E-07,4.25E-06,2.22E-06,2.19E-05,4.02
1.32E-07,3.96E-06,2.12E-06,2.09E-05,4.03
1.04E-07,3.63E-06,2.00E-06,1.97E-05,4.04
7.23E-08,3.27E-06,1.87E-06,1.83E-05,4.05
3.85E-08,2.88E-06,1.72E-06,1.69E-05,4.06
2.31E-09,2.47E-06,1.56E-06,1.52E-05,4.07
3.60E-08,2.02E-06,1.39E-06,1.35E-05,4.08
7.62E-08,1.56E-06,1.20E-06,1.17E-05,4.09
1.18E-07,1.08E-06,1.01E-06,9.69E-06,4.1
1.61E-07,5.78E-07,8.02E-07,7.64E-06,4.11
2.05E-07,6.93E-08,5.89E-07,5.51E-06,4.12
2.50E-07,4.45E-07,3.70E-07,3.31E-06,4.13
2.95E-07,9.62E-07,1.45E-07,1.06E-06,4.14
3.40E-07,1.48E-06,8.30E-08,1.22E-06,4.15
3.84E-07,1.98E-06,3.13E-07,3.52E-06,4.16
4.27E-07,2.47E-06,5.43E-07,5.83E-06,4.17
4.69E-07,2.95E-06,7.70E-07,8.10E-06,4.18
5.08E-07,3.40E-06,9.94E-07,1.03E-05,4.19
5.45E-07,3.81E-06,1.21E-06,1.25E-05,4.2
5.79E-07,4.20E-06,1.42E-06,1.46E-05,4.21
6.09E-07,4.53E-06,1.62E-06,1.66E-05,4.22
6.34E-07,4.82E-06,1.80E-06,1.84E-05,4.23
6.54E-07,5.05E-06,1.97E-06,2.01E-05,4.24
6.69E-07,5.22E-06,2.12E-06,2.16E-05,4.25
6.77E-07,5.31E-06,2.24E-06,2.28E-05,4.26
6.78E-07,5.33E-06,2.35E-06,2.38E-05,4.27
6.70E-07,5.25E-06,2.42E-06,2.45E-05,4.28
6.54E-07,5.08E-06,2.46E-06,2.50E-05,4.29
6.30E-07,4.83E-06,2.46E-06,2.50E-05,4.3
6.04E-07,4.54E-06,2.41E-06,2.44E-05,4.31
5.76E-07,4.23E-06,2.30E-06,2.33E-05,4.32
5.48E-07,3.90E-06,2.14E-06,2.17E-05,4.33
5.19E-07,3.56E-06,1.95E-06,1.98E-05,4.34
4.90E-07,3.22E-06,1.73E-06,1.75E-05,4.35
4.60E-07,2.87E-06,1.48E-06,1.51E-05,4.36
4.31E-07,2.53E-06,1.22E-06,1.24E-05,4.37
4.03E-07,2.19E-06,9.40E-07,9.62E-06,4.38
3.75E-07,1.85E-06,6.56E-07,6.78E-06,4.39
3.49E-07,1.53E-06,3.72E-07,3.92E-06,4.4
3.23E-07,1.23E-06,9.04E-08,1.10E-06,4.41
2.99E-07,9.35E-07,1.83E-07,1.63E-06,4.42
2.77E-07,6.63E-07,4.44E-07,4.25E-06,4.43
2.56E-07,4.12E-07,6.89E-07,6.70E-06,4.44
2.38E-07,1.83E-07,9.15E-07,8.96E-06,4.45
2.21E-07,2.19E-08,1.12E-06,1.10E-05,4.46
2.06E-07,2.02E-07,1.30E-06,1.28E-05,4.47
1.94E-07,3.57E-07,1.45E-06,1.43E-05,4.48
1.83E-07,4.85E-07,1.57E-06,1.55E-05,4.49
1.75E-07,5.86E-07,1.66E-06,1.64E-05,4.5
1.69E-07,6.61E-07,1.71E-06,1.70E-05,4.51
1.65E-07,7.09E-07,1.74E-06,1.72E-05,4.52
1.64E-07,7.31E-07,1.73E-06,1.71E-05,4.53
1.64E-07,7.27E-07,1.68E-06,1.67E-05,4.54
1.67E-07,6.99E-07,1.61E-06,1.59E-05,4.55
1.71E-07,6.47E-07,1.49E-06,1.48E-05,4.56
1.78E-07,5.72E-07,1.35E-06,1.33E-05,4.57
1.86E-07,4.77E-07,1.17E-06,1.16E-05,4.58
1.96E-07,3.63E-07,9.66E-07,9.54E-06,4.59
2.07E-07,2.33E-07,7.32E-07,7.20E-06,4.6
2.19E-07,8.74E-08,4.72E-07,4.61E-06,4.61
2.33E-07,6.99E-08,1.89E-07,1.78E-06,4.62
2.47E-07,2.36E-07,1.14E-07,1.24E-06,4.63
2.61E-07,4.10E-07,4.34E-07,4.44E-06,4.64
2.76E-07,5.86E-07,7.67E-07,7.76E-06,4.65
2.91E-07,7.62E-07,1.11E-06,1.12E-05,4.66
3.06E-07,9.35E-07,1.46E-06,1.46E-05,4.67
3.19E-07,1.10E-06,1.80E-06,1.81E-05,4.68
3.32E-07,1.25E-06,2.14E-06,2.15E-05,4.69
3.43E-07,1.39E-06,2.47E-06,2.48E-05,4.7
3.52E-07,1.51E-06,2.79E-06,2.79E-05,4.71
3.60E-07,1.61E-06,3.08E-06,3.08E-05,4.72
3.64E-07,1.67E-06,3.34E-06,3.34E-05,4.73
3.65E-07,1.70E-06,3.56E-06,3.56E-05,4.74
3.62E-07,1.69E-06,3.74E-06,3.74E-05,4.75
3.56E-07,1.64E-06,3.87E-06,3.87E-05,4.76
3.44E-07,1.54E-06,3.94E-06,3.94E-05,4.77
3.27E-07,1.38E-06,3.95E-06,3.94E-05,4.78
3.05E-07,1.16E-06,3.87E-06,3.87E-05,4.79
2.76E-07,8.74E-07,3.71E-06,3.71E-05,4.8
2.42E-07,5.38E-07,3.48E-06,3.47E-05,4.81
2.15E-07,2.66E-07,3.25E-06,3.24E-05,4.82
1.97E-07,6.83E-08,3.05E-06,3.04E-05,4.83
1.85E-07,6.53E-08,2.87E-06,2.86E-05,4.84
1.80E-07,1.43E-07,2.70E-06,2.69E-05,4.85
1.79E-07,1.72E-07,2.55E-06,2.55E-05,4.86
1.83E-07,1.61E-07,2.42E-06,2.41E-05,4.87
1.90E-07,1.17E-07,2.30E-06,2.30E-05,4.88
2.00E-07,4.62E-08,2.20E-06,2.19E-05,4.89
2.12E-07,4.44E-08,2.10E-06,2.10E-05,4.9
2.26E-07,1.49E-07,2.02E-06,2.01E-05,4.91
2.40E-07,2.62E-07,1.94E-06,1.93E-05,4.92
2.54E-07,3.77E-07,1.87E-06,1.87E-05,4.93
2.68E-07,4.90E-07,1.81E-06,1.80E-05,4.94
2.80E-07,5.97E-07,1.75E-06,1.74E-05,4.95
2.92E-07,6.93E-07,1.69E-06,1.69E-05,4.96
3.01E-07,7.74E-07,1.64E-06,1.64E-05,4.97
3.09E-07,8.38E-07,1.59E-06,1.59E-05,4.98
3.14E-07,8.80E-07,1.54E-06,1.54E-05,4.99
3.17E-07,9.00E-07,1.49E-06,1.49E-05,5
3.17E-07,8.94E-07,1.45E-06,1.44E-05,5.01
3.13E-07,8.61E-07,1.40E-06,1.40E-05,5.02
3.07E-07,7.99E-07,1.35E-06,1.34E-05,5.03
2.97E-07,7.08E-07,1.29E-06,1.29E-05,5.04
2.84E-07,5.88E-07,1.24E-06,1.24E-05,5.05
2.68E-07,4.38E-07,1.18E-06,1.18E-05,5.06
2.48E-07,2.58E-07,1.12E-06,1.12E-05,5.07
2.26E-07,4.99E-08,1.06E-06,1.05E-05,5.08
2.00E-07,1.85E-07,9.93E-07,9.86E-06,5.09
1.72E-07,4.46E-07,9.23E-07,9.15E-06,5.1
1.41E-07,7.31E-07,8.49E-07,8.39E-06,5.11
1.09E-07,1.04E-06,7.72E-07,7.60E-06,5.12
7.38E-08,1.36E-06,6.91E-07,6.78E-06,5.13
3.75E-08,1.70E-06,6.07E-07,5.91E-06,5.14
1.15E-10,2.04E-06,5.19E-07,5.02E-06,5.15
3.79E-08,2.40E-06,4.28E-07,4.09E-06,5.16
7.60E-08,2.75E-06,3.34E-07,3.13E-06,5.17
1.14E-07,3.10E-06,2.38E-07,2.15E-06,5.18
1.50E-07,3.44E-06,1.40E-07,1.15E-06,5.19
1.85E-07,3.77E-06,4.02E-08,1.38E-07,5.2
2.18E-07,4.07E-06,6.04E-08,8.85E-07,5.21
2.47E-07,4.34E-06,1.62E-07,1.91E-06,5.22
2.73E-07,4.58E-06,2.62E-07,2.93E-06,5.23
2.93E-07,4.77E-06,3.62E-07,3.94E-06,5.24
3.09E-07,4.91E-06,4.60E-07,4.93E-06,5.25
3.17E-07,4.98E-06,5.56E-07,5.88E-06,5.26
3.18E-07,4.98E-06,6.48E-07,6.80E-06,5.27
3.12E-07,4.90E-06,7.30E-07,7.62E-06,5.28
3.01E-07,4.79E-06,7.73E-07,8.05E-06,5.29
2.86E-07,4.66E-06,7.79E-07,8.10E-06,5.3
2.69E-07,4.50E-06,7.52E-07,7.82E-06,5.31
2.50E-07,4.33E-06,6.97E-07,7.27E-06,5.32
2.29E-07,4.14E-06,6.19E-07,6.49E-06,5.33
2.06E-07,3.94E-06,5.23E-07,5.52E-06,5.34
1.83E-07,3.73E-06,4.12E-07,4.40E-06,5.35
1.59E-07,3.52E-06,2.91E-07,3.18E-06,5.36
1.36E-07,3.31E-06,1.63E-07,1.90E-06,5.37
1.12E-07,3.11E-06,3.16E-08,5.84E-07,5.38
8.96E-08,2.91E-06,9.95E-08,7.32E-07,5.39
6.78E-08,2.72E-06,2.28E-07,2.02E-06,5.4
4.72E-08,2.53E-06,3.50E-07,3.25E-06,5.41
2.80E-08,2.36E-06,4.65E-07,4.39E-06,5.42
1.06E-08,2.21E-06,5.69E-07,5.44E-06,5.43
5.03E-09,2.07E-06,6.60E-07,6.36E-06,5.44
1.86E-08,1.95E-06,7.38E-07,7.14E-06,5.45
3.00E-08,1.84E-06,8.00E-07,7.76E-06,5.46
3.91E-08,1.75E-06,8.45E-07,8.21E-06,5.47
4.59E-08,1.69E-06,8.73E-07,8.49E-06,5.48
5.03E-08,1.64E-06,8.82E-07,8.58E-06,5.49
5.23E-08,1.62E-06,8.72E-07,8.48E-06,5.5
5.19E-08,1.61E-06,8.43E-07,8.19E-06,5.51
4.92E-08,1.62E-06,7.95E-07,7.71E-06,5.52
4.41E-08,1.66E-06,7.28E-07,7.04E-06,5.53
3.68E-08,1.71E-06,6.42E-07,6.19E-06,5.54
2.75E-08,1.78E-06,5.39E-07,5.15E-06,5.55
1.62E-08,1.87E-06,4.19E-07,3.96E-06,5.56
3.10E-09,1.97E-06,2.84E-07,2.60E-06,5.57
1.15E-08,2.09E-06,1.36E-07,1.11E-06,5.58
2.75E-08,2.21E-06,2.53E-08,4.97E-07,5.59
4.45E-08,2.35E-06,1.96E-07,2.21E-06,5.6
6.23E-08,2.49E-06,3.75E-07,4.00E-06,5.61
8.05E-08,2.64E-06,5.59E-07,5.84E-06,5.62
9.89E-08,2.78E-06,7.46E-07,7.71E-06,5.63
1.17E-07,2.93E-06,9.32E-07,9.58E-06,5.64
1.34E-07,3.06E-06,1.11E-06,1.14E-05,5.65
1.51E-07,3.19E-06,1.29E-06,1.32E-05,5.66
1.65E-07,3.30E-06,1.45E-06,1.48E-05,5.67
1.78E-07,3.40E-06,1.60E-06,1.63E-05,5.68
1.88E-07,3.47E-06,1.74E-06,1.76E-05,5.69
1.95E-07,3.51E-06,1.84E-06,1.87E-05,5.7
1.99E-07,3.52E-06,1.92E-06,1.95E-05,5.71
1.98E-07,3.49E-06,1.97E-06,1.99E-05,5.72
1.92E-07,3.42E-06,1.97E-06,2.00E-05,5.73
1.80E-07,3.29E-06,1.94E-06,1.96E-05,5.74
1.63E-07,3.12E-06,1.85E-06,1.88E-05,5.75
1.47E-07,2.95E-06,1.76E-06,1.78E-05,5.76
1.34E-07,2.83E-06,1.66E-06,1.68E-05,5.77
1.23E-07,2.73E-06,1.56E-06,1.58E-05,5.78
1.15E-07,2.66E-06,1.47E-06,1.49E-05,5.79
1.08E-07,2.61E-06,1.37E-06,1.39E-05,5.8
1.04E-07,2.59E-06,1.28E-06,1.30E-05,5.81
1.01E-07,2.57E-06,1.19E-06,1.21E-05,5.82
9.88E-08,2.58E-06,1.10E-06,1.13E-05,5.83
9.79E-08,2.59E-06,1.02E-06,1.04E-05,5.84
9.79E-08,2.61E-06,9.38E-07,9.66E-06,5.85
9.84E-08,2.64E-06,8.62E-07,8.91E-06,5.86
9.93E-08,2.66E-06,7.91E-07,8.20E-06,5.87
1.00E-07,2.69E-06,7.24E-07,7.54E-06,5.88
1.01E-07,2.72E-06,6.62E-07,6.92E-06,5.89
1.02E-07,2.74E-06,6.05E-07,6.36E-06,5.9
1.03E-07,2.76E-06,5.53E-07,5.84E-06,5.91
1.03E-07,2.77E-06,5.06E-07,5.38E-06,5.92
1.03E-07,2.78E-06,4.64E-07,4.96E-06,5.93
1.02E-07,2.77E-06,4.27E-07,4.59E-06,5.94
1.01E-07,2.76E-06,3.95E-07,4.27E-06,5.95
9.88E-08,2.73E-06,3.68E-07,4.01E-06,5.96
9.57E-08,2.69E-06,3.46E-07,3.78E-06,5.97
9.19E-08,2.65E-06,3.28E-07,3.61E-06,5.98
8.71E-08,2.59E-06,3.15E-07,3.47E-06,5.99
8.15E-08,2.52E-06,3.06E-07,3.38E-06,6
7.49E-08,2.43E-06,3.01E-07,3.32E-06,6.01
6.75E-08,2.34E-06,2.99E-07,3.29E-06,6.02
5.93E-08,2.24E-06,3.00E-07,3.30E-06,6.03
5.02E-08,2.12E-06,3.04E-07,3.33E-06,6.04
4.03E-08,2.00E-06,3.11E-07,3.39E-06,6.05
2.98E-08,1.86E-06,3.19E-07,3.46E-06,6.06
1.87E-08,1.72E-06,3.28E-07,3.54E-06,6.07
7.01E-09,1.58E-06,3.37E-07,3.62E-06,6.08
5.06E-09,1.42E-06,3.47E-07,3.71E-06,6.09
1.74E-08,1.27E-06,3.56E-07,3.79E-06,6.1
3.00E-08,1.11E-06,3.63E-07,3.85E-06,6.11
4.25E-08,9.55E-07,3.69E-07,3.89E-06,6.12
5.49E-08,8.01E-07,3.71E-07,3.90E-06,6.13
6.70E-08,6.51E-07,3.69E-07,3.88E-06,6.14
7.86E-08,5.07E-07,3.63E-07,3.81E-06,6.15
8.94E-08,3.73E-07,3.51E-07,3.68E-06,6.16
9.94E-08,2.50E-07,3.33E-07,3.49E-06,6.17
1.08E-07,1.41E-07,3.07E-07,3.22E-06,6.18
1.16E-07,4.97E-08,2.73E-07,2.88E-06,6.19
1.22E-07,2.18E-08,2.29E-07,2.43E-06,6.2
1.26E-07,7.01E-08,1.74E-07,1.89E-06,6.21
1.27E-07,9.17E-08,1.09E-07,1.24E-06,6.22
1.26E-07,8.15E-08,5.69E-08,7.18E-07,6.23
1.22E-07,4.20E-08,2.44E-08,4.00E-07,6.24
1.16E-07,2.26E-08,9.19E-09,2.54E-07,6.25
1.08E-07,1.08E-07,8.77E-09,2.58E-07,6.26
9.89E-08,2.10E-07,2.10E-08,3.89E-07,6.27
8.81E-08,3.26E-07,4.36E-08,6.26E-07,6.28
7.64E-08,4.52E-07,7.48E-08,9.48E-07,6.29
6.40E-08,5.84E-07,1.13E-07,1.34E-06,6.3
5.13E-08,7.20E-07,1.55E-07,1.77E-06,6.31
3.85E-08,8.57E-07,2.01E-07,2.24E-06,6.32
2.58E-08,9.92E-07,2.48E-07,2.72E-06,6.33
1.34E-08,1.12E-06,2.96E-07,3.21E-06,6.34
1.60E-09,1.25E-06,3.42E-07,3.68E-06,6.35
9.49E-09,1.36E-06,3.86E-07,4.12E-06,6.36
1.97E-08,1.47E-06,4.26E-07,4.53E-06,6.37
2.89E-08,1.56E-06,4.62E-07,4.90E-06,6.38
3.69E-08,1.65E-06,4.92E-07,5.21E-06,6.39
4.36E-08,1.71E-06,5.16E-07,5.45E-06,6.4
4.90E-08,1.77E-06,5.33E-07,5.63E-06,6.41
5.30E-08,1.80E-06,5.42E-07,5.72E-06,6.42
5.56E-08,1.83E-06,5.44E-07,5.74E-06,6.43
5.66E-08,1.83E-06,5.38E-07,5.68E-06,6.44
5.61E-08,1.82E-06,5.23E-07,5.53E-06,6.45
5.41E-08,1.79E-06,4.99E-07,5.29E-06,6.46
5.07E-08,1.74E-06,4.67E-07,4.97E-06,6.47
4.57E-08,1.68E-06,4.26E-07,4.56E-06,6.48
3.95E-08,1.61E-06,3.77E-07,4.06E-06,6.49
3.18E-08,1.51E-06,3.20E-07,3.49E-06,6.5
2.30E-08,1.41E-06,2.56E-07,2.84E-06,6.51
1.31E-08,1.29E-06,1.85E-07,2.12E-06,6.52
2.24E-09,1.17E-06,1.07E-07,1.34E-06,6.53
9.46E-09,1.03E-06,2.42E-08,5.04E-07,6.54
2.18E-08,8.87E-07,6.34E-08,3.79E-07,6.55
3.47E-08,7.38E-07,1.55E-07,1.30E-06,6.56
4.78E-08,5.86E-07,2.48E-07,2.24E-06,6.57
6.09E-08,4.34E-07,3.43E-07,3.20E-06,6.58
7.39E-08,2.83E-07,4.38E-07,4.15E-06,6.59
8.64E-08,1.36E-07,5.31E-07,5.09E-06,6.6
9.82E-08,2.51E-09,6.21E-07,6.00E-06,6.61
1.09E-07,1.31E-07,7.06E-07,6.86E-06,6.62
1.19E-07,2.46E-07,7.85E-07,7.65E-06,6.63
1.27E-07,3.43E-07,8.55E-07,8.36E-06,6.64
1.32E-07,4.19E-07,9.15E-07,8.96E-06,6.65
1.36E-07,4.71E-07,9.62E-07,9.43E-06,6.66
1.37E-07,4.94E-07,9.95E-07,9.76E-06,6.67
1.35E-07,4.84E-07,1.01E-06,9.91E-06,6.68
1.29E-07,4.38E-07,1.01E-06,9.86E-06,6.69
1.20E-07,3.53E-07,9.80E-07,9.60E-06,6.7
1.11E-07,2.66E-07,9.45E-07,9.24E-06,6.71
1.02E-07,1.85E-07,9.03E-07,8.82E-06,6.72
9.44E-08,1.10E-07,8.56E-07,8.35E-06,6.73
8.70E-08,4.06E-08,8.05E-07,7.83E-06,6.74
8.03E-08,2.32E-08,7.51E-07,7.29E-06,6.75
7.40E-08,8.18E-08,6.95E-07,6.73E-06,6.76
6.83E-08,1.35E-07,6.38E-07,6.15E-06,6.77
6.30E-08,1.85E-07,5.80E-07,5.57E-06,6.78
5.82E-08,2.29E-07,5.23E-07,4.99E-06,6.79
5.38E-08,2.70E-07,4.66E-07,4.43E-06,6.8
4.97E-08,3.07E-07,4.12E-07,3.88E-06,6.81
4.60E-08,3.40E-07,3.60E-07,3.35E-06,6.82
4.26E-08,3.70E-07,3.10E-07,2.86E-06,6.83
3.95E-08,3.97E-07,2.64E-07,2.40E-06,6.84
3.66E-08,4.21E-07,2.22E-07,1.97E-06,6.85
3.39E-08,4.43E-07,1.84E-07,1.59E-06,6.86
3.15E-08,4.63E-07,1.51E-07,1.26E-06,6.87
2.91E-08,4.81E-07,1.22E-07,9.66E-07,6.88
2.70E-08,4.97E-07,9.80E-08,7.27E-07,6.89
2.49E-08,5.12E-07,7.93E-08,5.38E-07,6.9
2.28E-08,5.25E-07,6.57E-08,4.02E-07,6.91
2.09E-08,5.38E-07,5.72E-08,3.17E-07,6.92
1.89E-08,5.49E-07,5.40E-08,2.85E-07,6.93
1.70E-08,5.61E-07,5.58E-08,3.03E-07,6.94
1.51E-08,5.72E-07,6.26E-08,3.71E-07,6.95
1.31E-08,5.82E-07,7.41E-08,4.86E-07,6.96
1.10E-08,5.93E-07,9.01E-08,6.46E-07,6.97
8.90E-09,6.05E-07,1.10E-07,8.48E-07,6.98
6.69E-09,6.16E-07,1.34E-07,1.09E-06,6.99
4.39E-09,6.28E-07,1.62E-07,1.36E-06,7
1.96E-09,6.41E-07,1.92E-07,1.66E-06,7.01
5.89E-10,6.55E-07,2.25E-07,1.99E-06,7.02
3.27E-09,6.70E-07,2.59E-07,2.33E-06,7.03
6.10E-09,6.86E-07,2.94E-07,2.69E-06,7.04
9.07E-09,7.03E-07,3.30E-07,3.05E-06,7.05
1.22E-08,7.21E-07,3.66E-07,3.40E-06,7.06
1.55E-08,7.40E-07,4.00E-07,3.74E-06,7.07
1.89E-08,7.61E-07,4.32E-07,4.06E-06,7.08
2.25E-08,7.84E-07,4.61E-07,4.35E-06,7.09
2.62E-08,8.08E-07,4.86E-07,4.60E-06,7.1
3.00E-08,8.33E-07,5.06E-07,4.80E-06,7.11
3.40E-08,8.60E-07,5.20E-07,4.94E-06,7.12
3.80E-08,8.88E-07,5.27E-07,5.01E-06,7.13
4.22E-08,9.17E-07,5.24E-07,4.98E-06,7.14
4.64E-08,9.48E-07,5.12E-07,4.86E-06,7.15
5.07E-08,9.80E-07,4.89E-07,4.63E-06,7.16
5.51E-08,1.01E-06,4.53E-07,4.27E-06,7.17
5.92E-08,1.05E-06,4.07E-07,3.81E-06,7.18
6.18E-08,1.06E-06,3.66E-07,3.41E-06,7.19
6.31E-08,1.07E-06,3.35E-07,3.09E-06,7.2
6.30E-08,1.06E-06,3.11E-07,2.85E-06,7.21
6.19E-08,1.04E-06,2.93E-07,2.67E-06,7.22
5.99E-08,1.01E-06,2.81E-07,2.55E-06,7.23
5.72E-08,9.69E-07,2.74E-07,2.48E-06,7.24
5.38E-08,9.27E-07,2.71E-07,2.45E-06,7.25
5.01E-08,8.80E-07,2.71E-07,2.45E-06,7.26
4.60E-08,8.30E-07,2.74E-07,2.48E-06,7.27
4.18E-08,7.79E-07,2.78E-07,2.53E-06,7.28
3.75E-08,7.28E-07,2.84E-07,2.59E-06,7.29
3.33E-08,6.78E-07,2.90E-07,2.65E-06,7.3
2.92E-08,6.29E-07,2.97E-07,2.72E-06,7.31
2.55E-08,5.84E-07,3.03E-07,2.78E-06,7.32
2.20E-08,5.42E-07,3.08E-07,2.84E-06,7.33
1.90E-08,5.05E-07,3.12E-07,2.88E-06,7.34
1.65E-08,4.72E-07,3.15E-07,2.90E-06,7.35
1.46E-08,4.46E-07,3.15E-07,2.91E-06,7.36
1.33E-08,4.25E-07,3.14E-07,2.89E-06,7.37
1.26E-08,4.11E-07,3.09E-07,2.85E-06,7.38
1.26E-08,4.04E-07,3.03E-07,2.79E-06,7.39
1.32E-08,4.03E-07,2.93E-07,2.69E-06,7.4
1.46E-08,4.10E-07,2.81E-07,2.57E-06,7.41
1.67E-08,4.23E-07,2.65E-07,2.41E-06,7.42
1.95E-08,4.44E-07,2.47E-07,2.23E-06,7.43
2.29E-08,4.71E-07,2.26E-07,2.02E-06,7.44
2.71E-08,5.05E-07,2.01E-07,1.78E-06,7.45
3.18E-08,5.44E-07,1.75E-07,1.51E-06,7.46
3.71E-08,5.89E-07,1.45E-07,1.22E-06,7.47
4.29E-08,6.39E-07,1.14E-07,9.04E-07,7.48
4.91E-08,6.93E-07,7.98E-08,5.67E-07,7.49
5.58E-08,7.51E-07,4.42E-08,2.12E-07,7.5
6.27E-08,8.11E-07,7.18E-09,1.57E-07,7.51
6.97E-08,8.72E-07,3.09E-08,5.37E-07,7.52
7.69E-08,9.35E-07,6.96E-08,9.23E-07,7.53
8.40E-08,9.96E-07,1.08E-07,1.31E-06,7.54
9.09E-08,1.06E-06,1.47E-07,1.69E-06,7.55
9.75E-08,1.11E-06,1.84E-07,2.07E-06,7.56
1.04E-07,1.16E-06,2.20E-07,2.43E-06,7.57
1.09E-07,1.21E-06,2.54E-07,2.76E-06,7.58
1.14E-07,1.25E-06,2.85E-07,3.07E-06,7.59
1.17E-07,1.27E-06,3.12E-07,3.34E-06,7.6
1.20E-07,1.29E-06,3.35E-07,3.57E-06,7.61
1.21E-07,1.29E-06,3.53E-07,3.74E-06,7.62
1.21E-07,1.28E-06,3.64E-07,3.85E-06,7.63
1.18E-07,1.25E-06,3.68E-07,3.89E-06,7.64
1.15E-07,1.20E-06,3.65E-07,3.86E-06,7.65
1.11E-07,1.16E-06,3.57E-07,3.77E-06,7.66
1.08E-07,1.12E-06,3.44E-07,3.64E-06,7.67
1.04E-07,1.07E-06,3.26E-07,3.46E-06,7.68
1.01E-07,1.03E-06,3.05E-07,3.25E-06,7.69
9.80E-08,9.87E-07,2.82E-07,3.02E-06,7.7
9.50E-08,9.47E-07,2.57E-07,2.77E-06,7.71
9.20E-08,9.07E-07,2.30E-07,2.50E-06,7.72
8.92E-08,8.69E-07,2.03E-07,2.23E-06,7.73
8.65E-08,8.32E-07,1.75E-07,1.95E-06,7.74
8.40E-08,7.97E-07,1.47E-07,1.68E-06,7.75
8.15E-08,7.64E-07,1.21E-07,1.41E-06,7.76
7.93E-08,7.32E-07,9.49E-08,1.15E-06,7.77
7.71E-08,7.02E-07,7.06E-08,9.10E-07,7.78
7.51E-08,6.74E-07,4.82E-08,6.86E-07,7.79
7.33E-08,6.48E-07,2.80E-08,4.84E-07,7.8
7.16E-08,6.23E-07,1.01E-08,3.05E-07,7.81
7.00E-08,6.01E-07,5.20E-09,1.52E-07,7.82
6.86E-08,5.80E-07,1.77E-08,2.61E-08,7.83
6.74E-08,5.61E-07,2.72E-08,7.02E-08,7.84
6.63E-08,5.44E-07,3.38E-08,1.36E-07,7.85
6.53E-08,5.29E-07,3.72E-08,1.72E-07,7.86
6.45E-08,5.16E-07,3.74E-08,1.76E-07,7.87
6.38E-08,5.04E-07,3.46E-08,1.49E-07,7.88
6.33E-08,4.93E-07,2.87E-08,9.24E-08,7.89
6.28E-08,4.84E-07,1.98E-08,5.83E-09,7.9
6.25E-08,4.76E-07,8.02E-09,1.09E-07,7.91
6.22E-08,4.68E-07,6.42E-09,2.50E-07,7.92
6.21E-08,4.62E-07,2.33E-08,4.16E-07,7.93
6.20E-08,4.57E-07,4.25E-08,6.04E-07,7.94
6.20E-08,4.52E-07,6.36E-08,8.12E-07,7.95
6.20E-08,4.47E-07,8.63E-08,1.03E-06,7.96
6.21E-08,4.43E-07,1.10E-07,1.27E-06,7.97
6.21E-08,4.38E-07,1.35E-07,1.51E-06,7.98
6.21E-08,4.33E-07,1.60E-07,1.76E-06,7.99
6.21E-08,4.28E-07,1.85E-07,2.01E-06,8
6.20E-08,4.21E-07,2.10E-07,2.25E-06,8.01
6.19E-08,4.14E-07,2.33E-07,2.48E-06,8.02
6.16E-08,4.05E-07,2.55E-07,2.69E-06,8.03
6.11E-08,3.95E-07,2.74E-07,2.88E-06,8.04
6.04E-08,3.82E-07,2.90E-07,3.04E-06,8.05
5.96E-08,3.68E-07,3.02E-07,3.16E-06,8.06
5.84E-08,3.50E-07,3.10E-07,3.23E-06,8.07
5.70E-08,3.30E-07,3.12E-07,3.25E-06,8.08
5.52E-08,3.07E-07,3.09E-07,3.21E-06,8.09
5.31E-08,2.80E-07,2.98E-07,3.10E-06,8.1
5.05E-08,2.49E-07,2.79E-07,2.91E-06,8.11
4.86E-08,2.24E-07,2.59E-07,2.71E-06,8.12
4.79E-08,2.09E-07,2.43E-07,2.55E-06,8.13
4.83E-08,2.03E-07,2.30E-07,2.42E-06,8.14
4.96E-08,2.04E-07,2.20E-07,2.32E-06,8.15
5.17E-08,2.13E-07,2.12E-07,2.25E-06,8.16
5.45E-08,2.27E-07,2.07E-07,2.19E-06,8.17
5.78E-08,2.46E-07,2.03E-07,2.16E-06,8.18
6.15E-08,2.68E-07,2.01E-07,2.14E-06,8.19
6.55E-08,2.93E-07,2.01E-07,2.14E-06,8.2
6.97E-08,3.21E-07,2.01E-07,2.15E-06,8.21
7.40E-08,3.49E-07,2.03E-07,2.17E-06,8.22
7.83E-08,3.78E-07,2.06E-07,2.20E-06,8.23
8.25E-08,4.07E-07,2.09E-07,2.23E-06,8.24
8.66E-08,4.35E-07,2.12E-07,2.26E-06,8.25
9.04E-08,4.61E-07,2.15E-07,2.30E-06,8.26
9.40E-08,4.85E-07,2.19E-07,2.34E-06,8.27
9.72E-08,5.07E-07,2.22E-07,2.38E-06,8.28
1.00E-07,5.25E-07,2.25E-07,2.41E-06,8.29
1.02E-07,5.40E-07,2.28E-07,2.44E-06,8.3
1.04E-07,5.51E-07,2.30E-07,2.46E-06,8.31
1.06E-07,5.57E-07,2.32E-07,2.47E-06,8.32
1.06E-07,5.59E-07,2.33E-07,2.48E-06,8.33
1.07E-07,5.56E-07,2.33E-07,2.48E-06,8.34
1.06E-07,5.49E-07,2.32E-07,2.47E-06,8.35
1.05E-07,5.36E-07,2.30E-07,2.45E-06,8.36
1.04E-07,5.18E-07,2.27E-07,2.42E-06,8.37
1.02E-07,4.94E-07,2.23E-07,2.37E-06,8.38
9.88E-08,4.66E-07,2.17E-07,2.32E-06,8.39
9.55E-08,4.32E-07,2.11E-07,2.25E-06,8.4
9.16E-08,3.94E-07,2.03E-07,2.17E-06,8.41
8.72E-08,3.51E-07,1.95E-07,2.08E-06,8.42
8.23E-08,3.03E-07,1.85E-07,1.98E-06,8.43
7.69E-08,2.51E-07,1.74E-07,1.87E-06,8.44
7.12E-08,1.95E-07,1.62E-07,1.74E-06,8.45
6.50E-08,1.35E-07,1.49E-07,1.61E-06,8.46
5.86E-08,7.31E-08,1.35E-07,1.46E-06,8.47
5.18E-08,8.25E-09,1.20E-07,1.31E-06,8.48
4.49E-08,5.85E-08,1.05E-07,1.14E-06,8.49
3.79E-08,1.27E-07,8.82E-08,9.73E-07,8.5
3.08E-08,1.95E-07,7.11E-08,7.96E-07,8.51
2.38E-08,2.64E-07,5.34E-08,6.14E-07,8.52
1.69E-08,3.31E-07,3.53E-08,4.27E-07,8.53
1.02E-08,3.97E-07,1.69E-08,2.38E-07,8.54
3.81E-09,4.59E-07,1.62E-09,4.74E-08,8.55
2.16E-09,5.18E-07,2.01E-08,1.43E-07,8.56
7.61E-09,5.73E-07,3.85E-08,3.31E-07,8.57
1.24E-08,6.21E-07,5.65E-08,5.15E-07,8.58
1.65E-08,6.62E-07,7.41E-08,6.94E-07,8.59
1.97E-08,6.95E-07,9.09E-08,8.65E-07,8.6
2.19E-08,7.18E-07,1.07E-07,1.03E-06,8.61
2.29E-08,7.30E-07,1.21E-07,1.17E-06,8.62
2.27E-08,7.30E-07,1.35E-07,1.31E-06,8.63
2.13E-08,7.17E-07,1.46E-07,1.42E-06,8.64
1.92E-08,7.01E-07,1.51E-07,1.47E-06,8.65
1.67E-08,6.82E-07,1.52E-07,1.47E-06,8.66
1.38E-08,6.60E-07,1.47E-07,1.43E-06,8.67
1.07E-08,6.37E-07,1.40E-07,1.35E-06,8.68
7.28E-09,6.12E-07,1.29E-07,1.24E-06,8.69
3.76E-09,5.86E-07,1.15E-07,1.11E-06,8.7
1.46E-10,5.60E-07,1.00E-07,9.57E-07,8.71
3.49E-09,5.33E-07,8.38E-08,7.93E-07,8.72
7.09E-09,5.07E-07,6.65E-08,6.20E-07,8.73
1.06E-08,4.81E-07,4.90E-08,4.44E-07,8.74
1.40E-08,4.56E-07,3.15E-08,2.70E-07,8.75
1.73E-08,4.32E-07,1.46E-08,1.00E-07,8.76
2.03E-08,4.10E-07,1.45E-09,6.01E-08,8.77
2.31E-08,3.89E-07,1.63E-08,2.08E-07,8.78
2.56E-08,3.70E-07,2.96E-08,3.42E-07,8.79
2.79E-08,3.54E-07,4.12E-08,4.57E-07,8.8
2.98E-08,3.39E-07,5.08E-08,5.53E-07,8.81
3.14E-08,3.27E-07,5.83E-08,6.27E-07,8.82
3.27E-08,3.17E-07,6.35E-08,6.79E-07,8.83
3.37E-08,3.10E-07,6.62E-08,7.06E-07,8.84
3.43E-08,3.05E-07,6.65E-08,7.08E-07,8.85
3.46E-08,3.03E-07,6.43E-08,6.86E-07,8.86
3.46E-08,3.04E-07,5.96E-08,6.38E-07,8.87
3.42E-08,3.07E-07,5.24E-08,5.65E-07,8.88
3.35E-08,3.12E-07,4.28E-08,4.69E-07,8.89
3.26E-08,3.20E-07,3.09E-08,3.49E-07,8.9
3.13E-08,3.29E-07,1.69E-08,2.08E-07,8.91
2.99E-08,3.41E-07,8.93E-10,4.78E-08,8.92
2.82E-08,3.54E-07,1.68E-08,1.30E-07,8.93
2.64E-08,3.69E-07,3.60E-08,3.23E-07,8.94
2.44E-08,3.84E-07,5.64E-08,5.28E-07,8.95
2.23E-08,4.01E-07,7.77E-08,7.41E-07,8.96
2.02E-08,4.18E-07,9.95E-08,9.60E-07,8.97
1.81E-08,4.35E-07,1.21E-07,1.18E-06,8.98
1.61E-08,4.51E-07,1.43E-07,1.40E-06,8.99
1.41E-08,4.67E-07,1.64E-07,1.60E-06,9
1.24E-08,4.81E-07,1.83E-07,1.80E-06,9.01
1.09E-08,4.93E-07,2.01E-07,1.98E-06,9.02
9.65E-09,5.03E-07,2.16E-07,2.13E-06,9.03
8.83E-09,5.09E-07,2.28E-07,2.25E-06,9.04
8.47E-09,5.11E-07,2.36E-07,2.33E-06,9.05
8.65E-09,5.08E-07,2.40E-07,2.38E-06,9.06
9.46E-09,5.00E-07,2.39E-07,2.37E-06,9.07
1.10E-08,4.86E-07,2.32E-07,2.30E-06,9.08
1.31E-08,4.66E-07,2.20E-07,2.17E-06,9.09
1.51E-08,4.51E-07,2.06E-07,2.04E-06,9.1
1.66E-08,4.41E-07,1.93E-07,1.91E-06,9.11
1.79E-08,4.35E-07,1.81E-07,1.78E-06,9.12
1.89E-08,4.33E-07,1.69E-07,1.66E-06,9.13
1.96E-08,4.35E-07,1.57E-07,1.55E-06,9.14
2.01E-08,4.39E-07,1.46E-07,1.44E-06,9.15
2.05E-08,4.46E-07,1.35E-07,1.33E-06,9.16
2.06E-08,4.54E-07,1.24E-07,1.23E-06,9.17
2.07E-08,4.63E-07,1.15E-07,1.13E-06,9.18
2.06E-08,4.74E-07,1.05E-07,1.04E-06,9.19
2.05E-08,4.84E-07,9.67E-08,9.58E-07,9.2
2.03E-08,4.95E-07,8.86E-08,8.78E-07,9.21
2.01E-08,5.05E-07,8.10E-08,8.04E-07,9.22
1.99E-08,5.15E-07,7.40E-08,7.36E-07,9.23
1.97E-08,5.24E-07,6.76E-08,6.73E-07,9.24
1.95E-08,5.31E-07,6.17E-08,6.15E-07,9.25
1.94E-08,5.38E-07,5.63E-08,5.63E-07,9.26
1.93E-08,5.43E-07,5.15E-08,5.16E-07,9.27
1.93E-08,5.46E-07,4.72E-08,4.74E-07,9.28
1.94E-08,5.47E-07,4.33E-08,4.37E-07,9.29
1.95E-08,5.47E-07,4.00E-08,4.04E-07,9.3
1.98E-08,5.45E-07,3.71E-08,3.76E-07,9.31
2.01E-08,5.40E-07,3.46E-08,3.51E-07,9.32
2.06E-08,5.34E-07,3.25E-08,3.31E-07,9.33
2.12E-08,5.26E-07,3.08E-08,3.14E-07,9.34
2.19E-08,5.16E-07,2.94E-08,3.00E-07,9.35
2.27E-08,5.04E-07,2.83E-08,2.89E-07,9.36
2.36E-08,4.90E-07,2.74E-08,2.80E-07,9.37
2.46E-08,4.75E-07,2.67E-08,2.73E-07,9.38
2.57E-08,4.58E-07,2.61E-08,2.67E-07,9.39
2.69E-08,4.40E-07,2.57E-08,2.62E-07,9.4
2.82E-08,4.21E-07,2.53E-08,2.58E-07,9.41
2.96E-08,4.01E-07,2.48E-08,2.53E-07,9.42
3.10E-08,3.80E-07,2.43E-08,2.48E-07,9.43
3.24E-08,3.59E-07,2.37E-08,2.41E-07,9.44
3.38E-08,3.38E-07,2.29E-08,2.32E-07,9.45
3.53E-08,3.17E-07,2.18E-08,2.21E-07,9.46
3.67E-08,2.97E-07,2.03E-08,2.06E-07,9.47
3.81E-08,2.77E-07,1.85E-08,1.87E-07,9.48
3.94E-08,2.58E-07,1.61E-08,1.64E-07,9.49
4.06E-08,2.42E-07,1.32E-08,1.35E-07,9.5
4.17E-08,2.27E-07,9.66E-09,9.93E-08,9.51
4.26E-08,2.14E-07,5.39E-09,5.69E-08,9.52
4.33E-08,2.04E-07,3.05E-10,6.56E-09,9.53
4.38E-08,1.98E-07,5.68E-09,5.25E-08,9.54
4.40E-08,1.95E-07,1.27E-08,1.21E-07,9.55
4.39E-08,1.96E-07,2.01E-08,1.94E-07,9.56
4.27E-08,2.13E-07,2.00E-08,1.91E-07,9.57
4.03E-08,2.47E-07,1.07E-08,9.66E-08,9.58
3.69E-08,2.95E-07,6.67E-09,8.05E-08,9.59
3.26E-08,3.55E-07,3.13E-08,3.30E-07,9.6
2.75E-08,4.27E-07,6.23E-08,6.44E-07,9.61
2.18E-08,5.08E-07,9.88E-08,1.01E-06,9.62
1.55E-08,5.96E-07,1.40E-07,1.43E-06,9.63
8.85E-09,6.90E-07,1.85E-07,1.88E-06,9.64
1.82E-09,7.89E-07,2.33E-07,2.37E-06,9.65
5.42E-09,8.91E-07,2.83E-07,2.88E-06,9.66
1.28E-08,9.95E-07,3.35E-07,3.40E-06,9.67
2.02E-08,1.10E-06,3.88E-07,3.94E-06,9.68
2.76E-08,1.20E-06,4.42E-07,4.48E-06,9.69
3.48E-08,1.31E-06,4.95E-07,5.01E-06,9.7
4.18E-08,1.40E-06,5.47E-07,5.54E-06,9.71
4.85E-08,1.50E-06,5.98E-07,6.05E-06,9.72
5.49E-08,1.59E-06,6.47E-07,6.54E-06,9.73
6.08E-08,1.68E-06,6.93E-07,7.01E-06,9.74
6.63E-08,1.76E-06,7.37E-07,7.45E-06,9.75
7.13E-08,1.83E-06,7.78E-07,7.86E-06,9.76
7.57E-08,1.89E-06,8.14E-07,8.23E-06,9.77
7.94E-08,1.95E-06,8.47E-07,8.56E-06,9.78
8.26E-08,2.00E-06,8.76E-07,8.85E-06,9.79
8.50E-08,2.04E-06,9.00E-07,9.09E-06,9.8
8.67E-08,2.07E-06,9.19E-07,9.29E-06,9.81
8.76E-08,2.09E-06,9.33E-07,9.43E-06,9.82
8.78E-08,2.10E-06,9.42E-07,9.52E-06,9.83
8.72E-08,2.10E-06,9.46E-07,9.55E-06,9.84
8.58E-08,2.09E-06,9.44E-07,9.54E-06,9.85
8.36E-08,2.06E-06,9.36E-07,9.46E-06,9.86
8.07E-08,2.03E-06,9.23E-07,9.33E-06,9.87
7.69E-08,1.99E-06,9.05E-07,9.14E-06,9.88
7.23E-08,1.94E-06,8.80E-07,8.89E-06,9.89
6.70E-08,1.88E-06,8.50E-07,8.59E-06,9.9
6.09E-08,1.81E-06,8.14E-07,8.23E-06,9.91
5.41E-08,1.73E-06,7.73E-07,7.82E-06,9.92
4.67E-08,1.64E-06,7.27E-07,7.36E-06,9.93
3.85E-08,1.54E-06,6.76E-07,6.84E-06,9.94
2.97E-08,1.44E-06,6.20E-07,6.28E-06,9.95
2.04E-08,1.32E-06,5.59E-07,5.66E-06,9.96
1.05E-08,1.20E-06,4.93E-07,5.01E-06,9.97
1.21E-10,1.08E-06,4.24E-07,4.31E-06,9.98
1.07E-08,9.45E-07,3.51E-07,3.58E-06,9.99
2.18E-08,8.08E-07,2.74E-07,2.81E-06,10
3.32E-08,6.68E-07,1.95E-07,2.01E-06,10.01
4.49E-08,5.24E-07,1.13E-07,1.19E-06,10.02
5.67E-08,3.79E-07,2.89E-08,3.43E-07,10.03
6.85E-08,2.33E-07,5.66E-08,5.16E-07,10.04
8.03E-08,8.62E-08,1.43E-07,1.38E-06,10.05
9.20E-08,5.92E-08,2.30E-07,2.26E-06,10.06
1.03E-07,2.02E-07,3.17E-07,3.13E-06,10.07
1.15E-07,3.42E-07,4.03E-07,3.99E-06,10.08
1.25E-07,4.77E-07,4.88E-07,4.84E-06,10.09
1.36E-07,6.06E-07,5.70E-07,5.67E-06,10.1
1.45E-07,7.28E-07,6.50E-07,6.47E-06,10.11
1.54E-07,8.41E-07,7.26E-07,7.23E-06,10.12
1.62E-07,9.43E-07,7.97E-07,7.94E-06,10.13
1.68E-07,1.03E-06,8.63E-07,8.60E-06,10.14
1.74E-07,1.11E-06,9.23E-07,9.20E-06,10.15
1.78E-07,1.17E-06,9.76E-07,9.73E-06,10.16
1.81E-07,1.22E-06,1.02E-06,1.02E-05,10.17
1.82E-07,1.25E-06,1.06E-06,1.05E-05,10.18
1.82E-07,1.26E-06,1.08E-06,1.08E-05,10.19
1.79E-07,1.24E-06,1.10E-06,1.09E-05,10.2
1.75E-07,1.21E-06,1.10E-06,1.10E-05,10.21
1.68E-07,1.14E-06,1.09E-06,1.09E-05,10.22
1.58E-07,1.05E-06,1.07E-06,1.06E-05,10.23
1.48E-07,9.53E-07,1.03E-06,1.02E-05,10.24
1.40E-07,8.65E-07,9.75E-07,9.70E-06,10.25
1.32E-07,7.87E-07,9.13E-07,9.07E-06,10.26
1.25E-07,7.20E-07,8.42E-07,8.36E-06,10.27
1.20E-07,6.62E-07,7.64E-07,7.58E-06,10.28
1.15E-07,6.12E-07,6.80E-07,6.75E-06,10.29
1.11E-07,5.70E-07,5.93E-07,5.87E-06,10.3
1.07E-07,5.36E-07,5.03E-07,4.98E-06,10.31
1.05E-07,5.08E-07,4.12E-07,4.07E-06,10.32
1.03E-07,4.85E-07,3.21E-07,3.17E-06,10.33
1.01E-07,4.69E-07,2.32E-07,2.28E-06,10.34
1.00E-07,4.57E-07,1.45E-07,1.42E-06,10.35
9.97E-08,4.49E-07,6.22E-08,5.89E-07,10.36
9.94E-08,4.45E-07,1.62E-08,1.92E-07,10.37
9.94E-08,4.43E-07,8.92E-08,9.18E-07,10.38
9.96E-08,4.45E-07,1.56E-07,1.58E-06,10.39
1.00E-07,4.48E-07,2.16E-07,2.18E-06,10.4
1.01E-07,4.53E-07,2.68E-07,2.70E-06,10.41
1.01E-07,4.59E-07,3.12E-07,3.14E-06,10.42
1.02E-07,4.65E-07,3.48E-07,3.49E-06,10.43
1.02E-07,4.72E-07,3.74E-07,3.76E-06,10.44
1.03E-07,4.78E-07,3.92E-07,3.93E-06,10.45
1.03E-07,4.83E-07,4.00E-07,4.01E-06,10.46
1.04E-07,4.88E-07,3.99E-07,4.00E-06,10.47
1.04E-07,4.91E-07,3.88E-07,3.89E-06,10.48
1.04E-07,4.92E-07,3.68E-07,3.69E-06,10.49
1.03E-07,4.91E-07,3.39E-07,3.40E-06,10.5
1.03E-07,4.88E-07,3.00E-07,3.02E-06,10.51
1.02E-07,4.82E-07,2.53E-07,2.55E-06,10.52
1.01E-07,4.73E-07,1.98E-07,2.00E-06,10.53
9.93E-08,4.61E-07,1.35E-07,1.37E-06,10.54
9.74E-08,4.45E-07,6.43E-08,6.75E-07,10.55
9.51E-08,4.26E-07,1.27E-08,8.82E-08,10.56
9.25E-08,4.03E-07,9.54E-08,9.09E-07,10.57
8.94E-08,3.76E-07,1.83E-07,1.78E-06,10.58
8.59E-08,3.45E-07,2.75E-07,2.69E-06,10.59
8.20E-08,3.10E-07,3.70E-07,3.63E-06,10.6
7.77E-08,2.70E-07,4.66E-07,4.59E-06,10.61
7.29E-08,2.27E-07,5.64E-07,5.56E-06,10.62
6.77E-08,1.79E-07,6.61E-07,6.52E-06,10.63
6.21E-08,1.27E-07,7.56E-07,7.46E-06,10.64
5.60E-08,7.08E-08,8.48E-07,8.37E-06,10.65
4.96E-08,1.03E-08,9.35E-07,9.23E-06,10.66
4.27E-08,5.42E-08,1.02E-06,1.00E-05,10.67
3.53E-08,1.23E-07,1.09E-06,1.07E-05,10.68
2.77E-08,1.95E-07,1.15E-06,1.14E-05,10.69
1.96E-08,2.71E-07,1.20E-06,1.19E-05,10.7
1.11E-08,3.50E-07,1.24E-06,1.22E-05,10.71
2.37E-09,4.33E-07,1.26E-06,1.24E-05,10.72
6.72E-09,5.19E-07,1.27E-06,1.25E-05,10.73
1.61E-08,6.07E-07,1.25E-06,1.23E-05,10.74
2.57E-08,6.98E-07,1.21E-06,1.19E-05,10.75
3.56E-08,7.91E-07,1.15E-06,1.13E-05,10.76
4.57E-08,8.85E-07,1.06E-06,1.04E-05,10.77
5.54E-08,9.76E-07,9.47E-07,9.29E-06,10.78
6.33E-08,1.05E-06,8.46E-07,8.28E-06,10.79
6.94E-08,1.10E-06,7.55E-07,7.38E-06,10.8
7.41E-08,1.14E-06,6.73E-07,6.56E-06,10.81
7.74E-08,1.17E-06,5.99E-07,5.82E-06,10.82
7.97E-08,1.19E-06,5.32E-07,5.15E-06,10.83
8.10E-08,1.20E-06,4.71E-07,4.55E-06,10.84
8.16E-08,1.20E-06,4.16E-07,4.00E-06,10.85
8.16E-08,1.19E-06,3.65E-07,3.49E-06,10.86
8.12E-08,1.19E-06,3.18E-07,3.03E-06,10.87
8.05E-08,1.17E-06,2.75E-07,2.60E-06,10.88
7.96E-08,1.16E-06,2.34E-07,2.19E-06,10.89
7.86E-08,1.14E-06,1.96E-07,1.81E-06,10.9
7.76E-08,1.13E-06,1.59E-07,1.45E-06,10.91
7.67E-08,1.12E-06,1.24E-07,1.11E-06,10.92
7.60E-08,1.10E-06,9.05E-08,7.69E-07,10.93
7.55E-08,1.09E-06,5.75E-08,4.42E-07,10.94
7.52E-08,1.09E-06,2.50E-08,1.20E-07,10.95
7.52E-08,1.08E-06,6.93E-09,1.97E-07,10.96
7.55E-08,1.08E-06,3.86E-08,5.12E-07,10.97
7.60E-08,1.08E-06,7.00E-08,8.23E-07,10.98
7.69E-08,1.08E-06,1.01E-07,1.13E-06,10.99
7.80E-08,1.09E-06,1.32E-07,1.44E-06,11
7.93E-08,1.10E-06,1.62E-07,1.74E-06,11.01
8.08E-08,1.11E-06,1.92E-07,2.04E-06,11.02
8.24E-08,1.12E-06,2.21E-07,2.32E-06,11.03
8.40E-08,1.13E-06,2.49E-07,2.60E-06,11.04
8.56E-08,1.14E-06,2.75E-07,2.86E-06,11.05
8.69E-08,1.15E-06,3.00E-07,3.11E-06,11.06
8.80E-08,1.16E-06,3.22E-07,3.33E-06,11.07
8.87E-08,1.16E-06,3.42E-07,3.53E-06,11.08
8.88E-08,1.16E-06,3.58E-07,3.69E-06,11.09
8.82E-08,1.15E-06,3.70E-07,3.81E-06,11.1
8.67E-08,1.13E-06,3.78E-07,3.88E-06,11.11
8.41E-08,1.10E-06,3.80E-07,3.91E-06,11.12
8.04E-08,1.06E-06,3.77E-07,3.87E-06,11.13
7.67E-08,1.02E-06,3.71E-07,3.81E-06,11.14
7.31E-08,9.78E-07,3.63E-07,3.73E-06,11.15
6.96E-08,9.40E-07,3.54E-07,3.63E-06,11.16
6.61E-08,9.03E-07,3.43E-07,3.52E-06,11.17
6.28E-08,8.67E-07,3.31E-07,3.40E-06,11.18
5.95E-08,8.32E-07,3.18E-07,3.27E-06,11.19
5.63E-08,7.98E-07,3.05E-07,3.14E-06,11.2
5.33E-08,7.66E-07,2.91E-07,3.00E-06,11.21
5.04E-08,7.34E-07,2.77E-07,2.86E-06,11.22
4.75E-08,7.04E-07,2.64E-07,2.72E-06,11.23
4.48E-08,6.74E-07,2.50E-07,2.59E-06,11.24
4.22E-08,6.46E-07,2.37E-07,2.46E-06,11.25
3.97E-08,6.19E-07,2.25E-07,2.33E-06,11.26
3.74E-08,5.93E-07,2.13E-07,2.21E-06,11.27
3.51E-08,5.67E-07,2.01E-07,2.10E-06,11.28
3.30E-08,5.43E-07,1.91E-07,1.99E-06,11.29
3.09E-08,5.20E-07,1.81E-07,1.89E-06,11.3
2.90E-08,4.98E-07,1.72E-07,1.80E-06,11.31
2.72E-08,4.77E-07,1.65E-07,1.72E-06,11.32
2.54E-08,4.57E-07,1.57E-07,1.65E-06,11.33
2.38E-08,4.38E-07,1.51E-07,1.59E-06,11.34
2.23E-08,4.19E-07,1.46E-07,1.53E-06,11.35
2.09E-08,4.02E-07,1.41E-07,1.48E-06,11.36
1.95E-08,3.85E-07,1.37E-07,1.44E-06,11.37
1.83E-08,3.69E-07,1.33E-07,1.40E-06,11.38
1.71E-08,3.54E-07,1.30E-07,1.37E-06,11.39
1.60E-08,3.39E-07,1.27E-07,1.34E-06,11.4
1.49E-08,3.26E-07,1.24E-07,1.31E-06,11.41
1.39E-08,3.12E-07,1.21E-07,1.28E-06,11.42
1.29E-08,3.00E-07,1.17E-07,1.24E-06,11.43
1.20E-08,2.87E-07,1.13E-07,1.20E-06,11.44
1.11E-08,2.75E-07,1.08E-07,1.15E-06,11.45
1.02E-08,2.64E-07,1.02E-07,1.09E-06,11.46
9.33E-09,2.52E-07,9.50E-08,1.02E-06,11.47
8.48E-09,2.42E-07,8.63E-08,9.30E-07,11.48
8.12E-09,2.36E-07,7.91E-08,8.58E-07,11.49
8.32E-09,2.37E-07,7.39E-08,8.07E-07,11.5
9.02E-09,2.42E-07,7.07E-08,7.76E-07,11.51
1.01E-08,2.53E-07,6.92E-08,7.62E-07,11.52
1.16E-08,2.67E-07,6.91E-08,7.63E-07,11.53
1.34E-08,2.84E-07,7.03E-08,7.77E-07,11.54
1.54E-08,3.04E-07,7.27E-08,8.02E-07,11.55
1.76E-08,3.26E-07,7.59E-08,8.37E-07,11.56
1.99E-08,3.49E-07,7.99E-08,8.79E-07,11.57
2.24E-08,3.74E-07,8.45E-08,9.27E-07,11.58
2.48E-08,3.98E-07,8.96E-08,9.80E-07,11.59
2.73E-08,4.23E-07,9.50E-08,1.04E-06,11.6
2.97E-08,4.47E-07,1.00E-07,1.09E-06,11.61
3.20E-08,4.70E-07,1.06E-07,1.15E-06,11.62
3.42E-08,4.92E-07,1.11E-07,1.21E-06,11.63
3.63E-08,5.12E-07,1.17E-07,1.26E-06,11.64
3.82E-08,5.30E-07,1.22E-07,1.31E-06,11.65
3.98E-08,5.47E-07,1.26E-07,1.36E-06,11.66
4.13E-08,5.60E-07,1.30E-07,1.40E-06,11.67
4.25E-08,5.71E-07,1.34E-07,1.44E-06,11.68
4.35E-08,5.80E-07,1.37E-07,1.47E-06,11.69
4.41E-08,5.85E-07,1.39E-07,1.49E-06,11.7
4.45E-08,5.87E-07,1.40E-07,1.50E-06,11.71
4.46E-08,5.86E-07,1.41E-07,1.51E-06,11.72
4.43E-08,5.81E-07,1.40E-07,1.50E-06,11.73
4.38E-08,5.73E-07,1.39E-07,1.49E-06,11.74
4.30E-08,5.62E-07,1.37E-07,1.47E-06,11.75
4.18E-08,5.48E-07,1.34E-07,1.44E-06,11.76
4.04E-08,5.30E-07,1.30E-07,1.40E-06,11.77
3.86E-08,5.09E-07,1.26E-07,1.35E-06,11.78
3.66E-08,4.85E-07,1.20E-07,1.29E-06,11.79
3.43E-08,4.58E-07,1.13E-07,1.22E-06,11.8
3.18E-08,4.28E-07,1.06E-07,1.14E-06,11.81
2.90E-08,3.96E-07,9.72E-08,1.06E-06,11.82
2.60E-08,3.61E-07,8.80E-08,9.62E-07,11.83
2.28E-08,3.24E-07,7.81E-08,8.60E-07,11.84
1.95E-08,2.86E-07,6.74E-08,7.51E-07,11.85
1.60E-08,2.46E-07,5.62E-08,6.36E-07,11.86
1.24E-08,2.04E-07,4.44E-08,5.14E-07,11.87
8.75E-09,1.62E-07,3.21E-08,3.89E-07,11.88
5.07E-09,1.20E-07,1.94E-08,2.59E-07,11.89
1.39E-09,7.75E-08,6.43E-09,1.26E-07,11.9
2.23E-09,3.56E-08,6.72E-09,7.80E-09,11.91
5.76E-09,5.28E-09,1.99E-08,1.43E-07,11.92
9.15E-09,4.47E-08,3.31E-08,2.77E-07,11.93
1.24E-08,8.20E-08,4.61E-08,4.09E-07,11.94
1.53E-08,1.17E-07,5.87E-08,5.38E-07,11.95
1.80E-08,1.48E-07,7.09E-08,6.62E-07,11.96
2.03E-08,1.76E-07,8.24E-08,7.79E-07,11.97
2.22E-08,1.99E-07,9.32E-08,8.88E-07,11.98
2.36E-08,2.17E-07,1.03E-07,9.87E-07,11.99
2.44E-08,2.29E-07,1.12E-07,1.07E-06,12
2.47E-08,2.35E-07,1.19E-07,1.15E-06,12.01
2.43E-08,2.33E-07,1.25E-07,1.21E-06,12.02
2.31E-08,2.23E-07,1.29E-07,1.24E-06,12.03
2.15E-08,2.08E-07,1.27E-07,1.23E-06,12.04
1.94E-08,1.90E-07,1.21E-07,1.16E-06,12.05
1.70E-08,1.68E-07,1.09E-07,1.05E-06,12.06
1.44E-08,1.44E-07,9.40E-08,8.94E-07,12.07
1.15E-08,1.18E-07,7.52E-08,7.05E-07,12.08
8.48E-09,9.08E-08,5.38E-08,4.90E-07,12.09
5.35E-09,6.25E-08,3.01E-08,2.53E-07,12.1
2.17E-09,3.37E-08,4.90E-09,1.50E-10,12.11
1.02E-09,4.79E-09,2.14E-08,2.64E-07,12.12
4.17E-09,2.37E-08,4.82E-08,5.33E-07,12.13
7.26E-09,5.16E-08,7.52E-08,8.03E-07,12.14
1.02E-08,7.83E-08,1.02E-07,1.07E-06,12.15
1.31E-08,1.04E-07,1.28E-07,1.33E-06,12.16
1.57E-08,1.27E-07,1.52E-07,1.58E-06,12.17
1.82E-08,1.49E-07,1.76E-07,1.81E-06,12.18
2.04E-08,1.69E-07,1.97E-07,2.02E-06,12.19
2.24E-08,1.86E-07,2.16E-07,2.22E-06,12.2
2.41E-08,2.01E-07,2.34E-07,2.39E-06,12.21
2.55E-08,2.13E-07,2.48E-07,2.53E-06,12.22
2.66E-08,2.22E-07,2.60E-07,2.65E-06,12.23
2.75E-08,2.28E-07,2.69E-07,2.74E-06,12.24
2.80E-08,2.31E-07,2.74E-07,2.80E-06,12.25
2.82E-08,2.31E-07,2.77E-07,2.82E-06,12.26
2.80E-08,2.29E-07,2.76E-07,2.81E-06,12.27
2.76E-08,2.23E-07,2.72E-07,2.77E-06,12.28
2.68E-08,2.14E-07,2.65E-07,2.70E-06,12.29
2.58E-08,2.02E-07,2.54E-07,2.59E-06,12.3
2.44E-08,1.87E-07,2.41E-07,2.46E-06,12.31
2.27E-08,1.69E-07,2.24E-07,2.29E-06,12.32
2.08E-08,1.49E-07,2.03E-07,2.08E-06,12.33
1.86E-08,1.26E-07,1.80E-07,1.85E-06,12.34
1.62E-08,1.01E-07,1.55E-07,1.60E-06,12.35
1.36E-08,7.39E-08,1.26E-07,1.31E-06,12.36
1.08E-08,4.51E-08,9.58E-08,1.01E-06,12.37
7.84E-09,1.48E-08,6.31E-08,6.77E-07,12.38
4.77E-09,1.67E-08,2.85E-08,3.31E-07,12.39
1.61E-09,4.91E-08,7.50E-09,2.93E-08,12.4
1.60E-09,8.20E-08,4.47E-08,4.01E-07,12.41
4.82E-09,1.15E-07,8.26E-08,7.81E-07,12.42
8.00E-09,1.48E-07,1.21E-07,1.16E-06,12.43
1.11E-08,1.80E-07,1.59E-07,1.55E-06,12.44
1.41E-08,2.10E-07,1.97E-07,1.92E-06,12.45
1.69E-08,2.39E-07,2.33E-07,2.29E-06,12.46
1.95E-08,2.66E-07,2.68E-07,2.64E-06,12.47
2.18E-08,2.90E-07,3.01E-07,2.97E-06,12.48
2.37E-08,3.11E-07,3.31E-07,3.27E-06,12.49
2.52E-08,3.27E-07,3.58E-07,3.54E-06,12.5
2.63E-08,3.39E-07,3.81E-07,3.77E-06,12.51
2.69E-08,3.46E-07,3.99E-07,3.95E-06,12.52
2.68E-08,3.47E-07,4.12E-07,4.08E-06,12.53
2.61E-08,3.41E-07,4.19E-07,4.14E-06,12.54
2.46E-08,3.28E-07,4.18E-07,4.14E-06,12.55
2.23E-08,3.06E-07,4.10E-07,4.06E-06,12.56
1.91E-08,2.76E-07,3.94E-07,3.90E-06,12.57
1.54E-08,2.41E-07,3.72E-07,3.67E-06,12.58
1.24E-08,2.14E-07,3.50E-07,3.46E-06,12.59
1.01E-08,1.93E-07,3.29E-07,3.25E-06,12.6
8.32E-09,1.78E-07,3.10E-07,3.05E-06,12.61
7.02E-09,1.68E-07,2.91E-07,2.87E-06,12.62
6.16E-09,1.62E-07,2.73E-07,2.69E-06,12.63
5.65E-09,1.60E-07,2.57E-07,2.52E-06,12.64
5.44E-09,1.61E-07,2.41E-07,2.37E-06,12.65
5.47E-09,1.65E-07,2.26E-07,2.22E-06,12.66
5.69E-09,1.70E-07,2.12E-07,2.08E-06,12.67
6.04E-09,1.77E-07,1.99E-07,1.95E-06,12.68
6.48E-09,1.84E-07,1.86E-07,1.83E-06,12.69
6.96E-09,1.92E-07,1.75E-07,1.72E-06,12.7
7.44E-09,2.00E-07,1.64E-07,1.61E-06,12.71
7.89E-09,2.07E-07,1.54E-07,1.51E-06,12.72
8.27E-09,2.13E-07,1.45E-07,1.42E-06,12.73
8.55E-09,2.18E-07,1.37E-07,1.34E-06,12.74
8.70E-09,2.22E-07,1.29E-07,1.26E-06,12.75
8.70E-09,2.24E-07,1.22E-07,1.19E-06,12.76
8.53E-09,2.23E-07,1.15E-07,1.13E-06,12.77
8.16E-09,2.21E-07,1.09E-07,1.07E-06,12.78
7.60E-09,2.17E-07,1.04E-07,1.01E-06,12.79
6.81E-09,2.10E-07,9.88E-08,9.61E-07,12.8
5.81E-09,2.01E-07,9.41E-08,9.15E-07,12.81
4.58E-09,1.89E-07,8.99E-08,8.72E-07,12.82
3.13E-09,1.75E-07,8.60E-08,8.33E-07,12.83
1.46E-09,1.59E-07,8.23E-08,7.96E-07,12.84
4.32E-10,1.40E-07,7.89E-08,7.61E-07,12.85
2.52E-09,1.19E-07,7.56E-08,7.28E-07,12.86
4.81E-09,9.62E-08,7.25E-08,6.95E-07,12.87
7.26E-09,7.15E-08,6.94E-08,6.63E-07,12.88
9.86E-09,4.53E-08,6.63E-08,6.32E-07,12.89
1.26E-08,1.78E-08,6.31E-08,5.99E-07,12.9
1.54E-08,1.08E-08,5.98E-08,5.65E-07,12.91
1.83E-08,4.00E-08,5.64E-08,5.30E-07,12.92
2.13E-08,6.95E-08,5.27E-08,4.91E-07,12.93
2.42E-08,9.89E-08,4.87E-08,4.50E-07,12.94
2.70E-08,1.28E-07,4.43E-08,4.05E-07,12.95
2.98E-08,1.55E-07,3.94E-08,3.55E-07,12.96
3.25E-08,1.82E-07,3.40E-08,3.01E-07,12.97
3.49E-08,2.06E-07,2.80E-08,2.40E-07,12.98
3.71E-08,2.27E-07,2.14E-08,1.73E-07,12.99
3.89E-08,2.45E-07,1.40E-08,9.93E-08,13
4.04E-08,2.59E-07,5.80E-09,1.72E-08,13.01
4.14E-08,2.68E-07,3.32E-09,7.36E-08,13.02
4.20E-08,2.72E-07,1.34E-08,1.74E-07,13.03
4.19E-08,2.70E-07,2.43E-08,2.81E-07,13.04
4.13E-08,2.62E-07,3.18E-08,3.56E-07,13.05
4.02E-08,2.49E-07,3.51E-08,3.87E-07,13.06
3.87E-08,2.33E-07,3.46E-08,3.81E-07,13.07
3.70E-08,2.12E-07,3.10E-08,3.43E-07,13.08
3.49E-08,1.89E-07,2.46E-08,2.79E-07,13.09
3.27E-08,1.64E-07,1.60E-08,1.92E-07,13.1
3.02E-08,1.38E-07,5.65E-09,8.72E-08,13.11
2.77E-08,1.10E-07,6.06E-09,3.09E-08,13.12
2.52E-08,8.22E-08,1.87E-08,1.59E-07,13.13
2.26E-08,5.42E-08,3.20E-08,2.92E-07,13.14
2.01E-08,2.66E-08,4.54E-08,4.27E-07,13.15
1.76E-08,1.75E-10,5.88E-08,5.62E-07,13.16
1.53E-08,2.57E-08,7.18E-08,6.92E-07,13.17
1.31E-08,4.97E-08,8.41E-08,8.16E-07,13.18
1.10E-08,7.18E-08,9.54E-08,9.30E-07,13.19
9.18E-09,9.19E-08,1.06E-07,1.03E-06,13.2
7.56E-09,1.10E-07,1.14E-07,1.12E-06,13.21
6.18E-09,1.25E-07,1.22E-07,1.20E-06,13.22
5.05E-09,1.37E-07,1.27E-07,1.25E-06,13.23
4.19E-09,1.47E-07,1.31E-07,1.29E-06,13.24
3.61E-09,1.53E-07,1.33E-07,1.31E-06,13.25
3.32E-09,1.57E-07,1.33E-07,1.31E-06,13.26
3.31E-09,1.57E-07,1.31E-07,1.29E-06,13.27
3.60E-09,1.55E-07,1.27E-07,1.25E-06,13.28
4.17E-09,1.50E-07,1.20E-07,1.18E-06,13.29
5.02E-09,1.41E-07,1.12E-07,1.10E-06,13.3
6.14E-09,1.30E-07,1.02E-07,9.98E-07,13.31
7.51E-09,1.17E-07,8.92E-08,8.75E-07,13.32
9.13E-09,1.00E-07,7.50E-08,7.33E-07,13.33
1.10E-08,8.17E-08,5.91E-08,5.74E-07,13.34
1.30E-08,6.12E-08,4.17E-08,4.00E-07,13.35
1.52E-08,3.89E-08,2.28E-08,2.11E-07,13.36
1.76E-08,1.51E-08,2.64E-09,9.92E-09,13.37
2.00E-08,9.77E-09,1.85E-08,2.01E-07,13.38
2.26E-08,3.54E-08,4.03E-08,4.19E-07,13.39
2.52E-08,6.13E-08,6.27E-08,6.43E-07,13.4
2.77E-08,8.72E-08,8.52E-08,8.68E-07,13.41
3.02E-08,1.12E-07,1.08E-07,1.09E-06,13.42
3.27E-08,1.37E-07,1.30E-07,1.31E-06,13.43
3.49E-08,1.59E-07,1.51E-07,1.52E-06,13.44
3.70E-08,1.80E-07,1.71E-07,1.72E-06,13.45
3.87E-08,1.97E-07,1.89E-07,1.90E-06,13.46
4.02E-08,2.12E-07,2.05E-07,2.06E-06,13.47
4.12E-08,2.22E-07,2.18E-07,2.20E-06,13.48
4.18E-08,2.27E-07,2.29E-07,2.30E-06,13.49
4.18E-08,2.27E-07,2.36E-07,2.37E-06,13.5
4.12E-08,2.21E-07,2.38E-07,2.39E-06,13.51
3.99E-08,2.07E-07,2.36E-07,2.37E-06,13.52
3.78E-08,1.87E-07,2.29E-07,2.30E-06,13.53
3.57E-08,1.65E-07,2.20E-07,2.21E-06,13.54
3.39E-08,1.45E-07,2.10E-07,2.11E-06,13.55
3.22E-08,1.28E-07,2.00E-07,2.00E-06,13.56
3.08E-08,1.13E-07,1.89E-07,1.90E-06,13.57
2.95E-08,9.88E-08,1.78E-07,1.79E-06,13.58
2.84E-08,8.65E-08,1.67E-07,1.68E-06,13.59
2.74E-08,7.55E-08,1.56E-07,1.57E-06,13.6
2.65E-08,6.57E-08,1.46E-07,1.46E-06,13.61
2.58E-08,5.70E-08,1.35E-07,1.35E-06,13.62
2.51E-08,4.91E-08,1.25E-07,1.25E-06,13.63
2.45E-08,4.20E-08,1.15E-07,1.15E-06,13.64
2.39E-08,3.55E-08,1.05E-07,1.06E-06,13.65
2.34E-08,2.94E-08,9.65E-08,9.69E-07,13.66
2.29E-08,2.38E-08,8.82E-08,8.86E-07,13.67
2.24E-08,1.84E-08,8.04E-08,8.09E-07,13.68
2.19E-08,1.32E-08,7.34E-08,7.38E-07,13.69
2.15E-08,8.01E-09,6.71E-08,6.75E-07,13.7
2.10E-08,2.85E-09,6.15E-08,6.18E-07,13.71
2.05E-08,2.40E-09,5.66E-08,5.69E-07,13.72
1.99E-08,7.81E-09,5.24E-08,5.28E-07,13.73
1.94E-08,1.34E-08,4.90E-08,4.94E-07,13.74
1.87E-08,1.93E-08,4.64E-08,4.66E-07,13.75
1.81E-08,2.55E-08,4.44E-08,4.47E-07,13.76
1.74E-08,3.20E-08,4.32E-08,4.33E-07,13.77
1.67E-08,3.89E-08,4.26E-08,4.27E-07,13.78
1.59E-08,4.62E-08,4.26E-08,4.26E-07,13.79
1.51E-08,5.38E-08,4.31E-08,4.31E-07,13.8
1.43E-08,6.18E-08,4.42E-08,4.41E-07,13.81
1.34E-08,7.02E-08,4.58E-08,4.56E-07,13.82
1.24E-08,7.89E-08,4.76E-08,4.74E-07,13.83
1.15E-08,8.79E-08,4.98E-08,4.94E-07,13.84
1.05E-08,9.72E-08,5.22E-08,5.17E-07,13.85
9.45E-09,1.07E-07,5.47E-08,5.41E-07,13.86
8.43E-09,1.16E-07,5.71E-08,5.64E-07,13.87
7.39E-09,1.26E-07,5.94E-08,5.86E-07,13.88
6.35E-09,1.36E-07,6.15E-08,6.06E-07,13.89
5.33E-09,1.46E-07,6.32E-08,6.22E-07,13.9
4.33E-09,1.55E-07,6.44E-08,6.33E-07,13.91
3.36E-09,1.64E-07,6.49E-08,6.37E-07,13.92
2.44E-09,1.73E-07,6.45E-08,6.33E-07,13.93
1.57E-09,1.81E-07,6.32E-08,6.19E-07,13.94
7.78E-10,1.89E-07,6.07E-08,5.94E-07,13.95
7.35E-11,1.95E-07,5.69E-08,5.55E-07,13.96
5.28E-10,2.01E-07,5.16E-08,5.01E-07,13.97
9.96E-10,2.05E-07,4.47E-08,4.33E-07,13.98
1.17E-09,2.07E-07,3.91E-08,3.76E-07,13.99
1.06E-09,2.06E-07,3.52E-08,3.38E-07,14
6.82E-10,2.03E-07,3.30E-08,3.16E-07,14.01
9.12E-11,1.98E-07,3.22E-08,3.08E-07,14.02
6.80E-10,1.91E-07,3.26E-08,3.12E-07,14.03
1.59E-09,1.83E-07,3.39E-08,3.26E-07,14.04
2.62E-09,1.74E-07,3.61E-08,3.48E-07,14.05
3.73E-09,1.65E-07,3.90E-08,3.77E-07,14.06
4.88E-09,1.55E-07,4.23E-08,4.11E-07,14.07
6.06E-09,1.44E-07,4.60E-08,4.48E-07,14.08
7.23E-09,1.34E-07,4.99E-08,4.87E-07,14.09
8.38E-09,1.24E-07,5.38E-08,5.26E-07,14.1
9.48E-09,1.14E-07,5.77E-08,5.65E-07,14.11
1.05E-08,1.05E-07,6.14E-08,6.02E-07,14.12
1.15E-08,9.62E-08,6.48E-08,6.36E-07,14.13
1.23E-08,8.85E-08,6.78E-08,6.67E-07,14.14
1.30E-08,8.19E-08,7.04E-08,6.93E-07,14.15
1.36E-08,7.64E-08,7.25E-08,7.13E-07,14.16
1.41E-08,7.21E-08,7.39E-08,7.28E-07,14.17
1.44E-08,6.91E-08,7.47E-08,7.36E-07,14.18
1.45E-08,6.75E-08,7.49E-08,7.37E-07,14.19
1.45E-08,6.72E-08,7.42E-08,7.31E-07,14.2
1.44E-08,6.84E-08,7.29E-08,7.17E-07,14.21
1.40E-08,7.10E-08,7.07E-08,6.95E-07,14.22
1.35E-08,7.50E-08,6.78E-08,6.66E-07,14.23
1.29E-08,8.05E-08,6.41E-08,6.29E-07,14.24
1.21E-08,8.73E-08,5.96E-08,5.84E-07,14.25
1.12E-08,9.55E-08,5.44E-08,5.31E-07,14.26
1.01E-08,1.05E-07,4.85E-08,4.72E-07,14.27
8.86E-09,1.15E-07,4.19E-08,4.06E-07,14.28
7.54E-09,1.27E-07,3.48E-08,3.34E-07,14.29
6.11E-09,1.39E-07,2.70E-08,2.56E-07,14.3
4.60E-09,1.53E-07,1.88E-08,1.73E-07,14.31
3.03E-09,1.67E-07,1.02E-08,8.65E-08,14.32
1.41E-09,1.81E-07,1.27E-09,3.22E-09,14.33
2.41E-10,1.95E-07,7.87E-09,9.50E-08,14.34
1.89E-09,2.10E-07,1.71E-08,1.88E-07,14.35
3.51E-09,2.24E-07,2.63E-08,2.80E-07,14.36
5.08E-09,2.38E-07,3.54E-08,3.71E-07,14.37
6.57E-09,2.51E-07,4.41E-08,4.60E-07,14.38
7.95E-09,2.63E-07,5.25E-08,5.43E-07,14.39
9.18E-09,2.73E-07,6.02E-08,6.21E-07,14.4
1.02E-08,2.82E-07,6.72E-08,6.91E-07,14.41
1.11E-08,2.89E-07,7.32E-08,7.52E-07,14.42
1.16E-08,2.94E-07,7.81E-08,8.01E-07,14.43
1.19E-08,2.95E-07,8.17E-08,8.37E-07,14.44
1.19E-08,2.94E-07,8.38E-08,8.57E-07,14.45
1.14E-08,2.89E-07,8.41E-08,8.60E-07,14.46
1.06E-08,2.80E-07,8.25E-08,8.44E-07,14.47
9.82E-09,2.72E-07,7.97E-08,8.16E-07,14.48
9.03E-09,2.64E-07,7.60E-08,7.78E-07,14.49
8.27E-09,2.57E-07,7.13E-08,7.32E-07,14.5
7.54E-09,2.50E-07,6.60E-08,6.79E-07,14.51
6.84E-09,2.44E-07,6.02E-08,6.21E-07,14.52
6.17E-09,2.39E-07,5.39E-08,5.58E-07,14.53
5.54E-09,2.34E-07,4.74E-08,4.93E-07,14.54
4.95E-09,2.29E-07,4.07E-08,4.27E-07,14.55
4.39E-09,2.24E-07,3.39E-08,3.60E-07,14.56
3.86E-09,2.20E-07,2.72E-08,2.93E-07,14.57
3.38E-09,2.17E-07,2.07E-08,2.28E-07,14.58
2.93E-09,2.13E-07,1.45E-08,1.66E-07,14.59
2.52E-09,2.10E-07,8.53E-09,1.07E-07,14.6
2.15E-09,2.07E-07,3.01E-09,5.24E-08,14.61
1.81E-09,2.05E-07,2.05E-09,2.11E-09,14.62
1.51E-09,2.02E-07,6.58E-09,4.29E-08,14.63
1.25E-09,2.00E-07,1.05E-08,8.21E-08,14.64
1.02E-09,1.98E-07,1.39E-08,1.15E-07,14.65
8.24E-10,1.96E-07,1.65E-08,1.42E-07,14.66
6.61E-10,1.94E-07,1.85E-08,1.62E-07,14.67
5.29E-10,1.93E-07,1.98E-08,1.75E-07,14.68
4.26E-10,1.91E-07,2.04E-08,1.80E-07,14.69
3.50E-10,1.89E-07,2.03E-08,1.79E-07,14.7
3.00E-10,1.88E-07,1.95E-08,1.71E-07,14.71
2.73E-10,1.87E-07,1.80E-08,1.56E-07,14.72
2.66E-10,1.85E-07,1.58E-08,1.34E-07,14.73
2.77E-10,1.84E-07,1.30E-08,1.06E-07,14.74
3.04E-10,1.82E-07,9.52E-09,7.21E-08,14.75
3.43E-10,1.81E-07,5.53E-09,3.24E-08,14.76
3.91E-10,1.80E-07,1.03E-09,1.22E-08,14.77
4.46E-10,1.78E-07,3.92E-09,6.13E-08,14.78
5.02E-10,1.77E-07,9.24E-09,1.14E-07,14.79
5.58E-10,1.75E-07,1.49E-08,1.70E-07,14.8
6.09E-10,1.73E-07,2.07E-08,2.28E-07,14.81
6.50E-10,1.71E-07,2.67E-08,2.87E-07,14.82
6.79E-10,1.69E-07,3.27E-08,3.47E-07,14.83
6.90E-10,1.67E-07,3.86E-08,4.05E-07,14.84
6.78E-10,1.65E-07,4.43E-08,4.62E-07,14.85
6.40E-10,1.62E-07,4.97E-08,5.15E-07,14.86
5.70E-10,1.59E-07,5.46E-08,5.64E-07,14.87
4.63E-10,1.56E-07,5.89E-08,6.07E-07,14.88
3.14E-10,1.52E-07,6.26E-08,6.43E-07,14.89
1.18E-10,1.49E-07,6.53E-08,6.70E-07,14.9
1.32E-10,1.44E-07,6.69E-08,6.86E-07,14.91
4.41E-10,1.40E-07,6.73E-08,6.90E-07,14.92
8.15E-10,1.35E-07,6.64E-08,6.80E-07,14.93
1.26E-09,1.29E-07,6.38E-08,6.54E-07,14.94
1.78E-09,1.23E-07,5.94E-08,6.10E-07,14.95
2.18E-09,1.19E-07,5.43E-08,5.59E-07,14.96
1.97E-09,1.22E-07,5.12E-08,5.29E-07,14.97
1.19E-09,1.30E-07,5.01E-08,5.19E-07,14.98
8.95E-11,1.45E-07,5.08E-08,5.27E-07,14.99
1.81E-09,1.64E-07,5.31E-08,5.51E-07,15
3.92E-09,1.87E-07,5.69E-08,5.91E-07,15.01
6.34E-09,2.14E-07,6.19E-08,6.43E-07,15.02
9.04E-09,2.44E-07,6.81E-08,7.06E-07,15.03
1.20E-08,2.76E-07,7.51E-08,7.79E-07,15.04
1.50E-08,3.11E-07,8.30E-08,8.59E-07,15.05
1.82E-08,3.46E-07,9.15E-08,9.47E-07,15.06
2.15E-08,3.82E-07,1.01E-07,1.04E-06,15.07
2.48E-08,4.18E-07,1.10E-07,1.13E-06,15.08
2.81E-08,4.54E-07,1.20E-07,1.23E-06,15.09
3.13E-08,4.90E-07,1.29E-07,1.33E-06,15.1
3.44E-08,5.24E-07,1.39E-07,1.43E-06,15.11
3.75E-08,5.58E-07,1.49E-07,1.53E-06,15.12
4.03E-08,5.89E-07,1.58E-07,1.62E-06,15.13
4.30E-08,6.18E-07,1.67E-07,1.72E-06,15.14
4.55E-08,6.45E-07,1.76E-07,1.81E-06,15.15
4.77E-08,6.70E-07,1.84E-07,1.89E-06,15.16
4.97E-08,6.91E-07,1.91E-07,1.96E-06,15.17
5.14E-08,7.09E-07,1.98E-07,2.03E-06,15.18
5.28E-08,7.24E-07,2.05E-07,2.10E-06,15.19
5.38E-08,7.36E-07,2.10E-07,2.15E-06,15.2
5.46E-08,7.44E-07,2.14E-07,2.20E-06,15.21
5.50E-08,7.48E-07,2.18E-07,2.23E-06,15.22
5.51E-08,7.49E-07,2.21E-07,2.26E-06,15.23
5.48E-08,7.45E-07,2.23E-07,2.28E-06,15.24
5.41E-08,7.38E-07,2.23E-07,2.29E-06,15.25
5.31E-08,7.26E-07,2.23E-07,2.28E-06,15.26
5.18E-08,7.11E-07,2.22E-07,2.27E-06,15.27
5.00E-08,6.92E-07,2.19E-07,2.24E-06,15.28
4.80E-08,6.69E-07,2.16E-07,2.20E-06,15.29
4.55E-08,6.42E-07,2.11E-07,2.16E-06,15.3
4.28E-08,6.12E-07,2.05E-07,2.10E-06,15.31
3.97E-08,5.78E-07,1.98E-07,2.03E-06,15.32
3.63E-08,5.40E-07,1.91E-07,1.95E-06,15.33
3.26E-08,5.00E-07,1.82E-07,1.86E-06,15.34
2.87E-08,4.56E-07,1.72E-07,1.75E-06,15.35
2.45E-08,4.10E-07,1.61E-07,1.64E-06,15.36
2.00E-08,3.61E-07,1.49E-07,1.52E-06,15.37
1.54E-08,3.10E-07,1.36E-07,1.39E-06,15.38
1.06E-08,2.57E-07,1.23E-07,1.26E-06,15.39
5.59E-09,2.03E-07,1.08E-07,1.11E-06,15.4
5.07E-10,1.47E-07,9.34E-08,9.56E-07,15.41
4.66E-09,9.03E-08,7.78E-08,7.97E-07,15.42
9.86E-09,3.33E-08,6.15E-08,6.32E-07,15.43
1.51E-08,2.38E-08,4.48E-08,4.62E-07,15.44
2.02E-08,8.05E-08,2.77E-08,2.88E-07,15.45
2.53E-08,1.36E-07,1.02E-08,1.11E-07,15.46
3.03E-08,1.91E-07,7.40E-09,6.79E-08,15.47
3.51E-08,2.43E-07,2.51E-08,2.47E-07,15.48
3.96E-08,2.93E-07,4.28E-08,4.27E-07,15.49
4.39E-08,3.40E-07,6.04E-08,6.04E-07,15.5
4.78E-08,3.83E-07,7.77E-08,7.79E-07,15.51
5.14E-08,4.23E-07,9.46E-08,9.49E-07,15.52
5.45E-08,4.57E-07,1.11E-07,1.11E-06,15.53
5.71E-08,4.86E-07,1.27E-07,1.27E-06,15.54
5.91E-08,5.08E-07,1.42E-07,1.42E-06,15.55
6.05E-08,5.24E-07,1.55E-07,1.56E-06,15.56
6.11E-08,5.32E-07,1.68E-07,1.69E-06,15.57
6.10E-08,5.32E-07,1.80E-07,1.80E-06,15.58
6.00E-08,5.22E-07,1.89E-07,1.90E-06,15.59
5.81E-08,5.04E-07,1.97E-07,1.98E-06,15.6
5.60E-08,4.82E-07,2.02E-07,2.02E-06,15.61
5.36E-08,4.58E-07,2.03E-07,2.02E-06,15.62
5.11E-08,4.33E-07,2.00E-07,2.00E-06,15.63
4.85E-08,4.07E-07,1.95E-07,1.95E-06,15.64
4.58E-08,3.80E-07,1.89E-07,1.88E-06,15.65
4.31E-08,3.53E-07,1.80E-07,1.79E-06,15.66
4.03E-08,3.26E-07,1.70E-07,1.70E-06,15.67
3.76E-08,2.99E-07,1.60E-07,1.59E-06,15.68
3.49E-08,2.73E-07,1.48E-07,1.48E-06,15.69
3.23E-08,2.47E-07,1.37E-07,1.36E-06,15.7
2.97E-08,2.22E-07,1.26E-07,1.25E-06,15.71
2.73E-08,1.98E-07,1.15E-07,1.14E-06,15.72
2.50E-08,1.76E-07,1.04E-07,1.03E-06,15.73
2.29E-08,1.55E-07,9.48E-08,9.34E-07,15.74
2.09E-08,1.36E-07,8.61E-08,8.47E-07,15.75
1.90E-08,1.18E-07,7.86E-08,7.71E-07,15.76
1.74E-08,1.02E-07,7.23E-08,7.08E-07,15.77
1.59E-08,8.79E-08,6.74E-08,6.58E-07,15.78
1.46E-08,7.55E-08,6.39E-08,6.22E-07,15.79
1.35E-08,6.48E-08,6.19E-08,6.01E-07,15.8
1.25E-08,5.60E-08,6.13E-08,5.95E-07,15.81
1.17E-08,4.88E-08,6.22E-08,6.04E-07,15.82
1.11E-08,4.34E-08,6.46E-08,6.27E-07,15.83
1.07E-08,3.94E-08,6.83E-08,6.64E-07,15.84
1.04E-08,3.70E-08,7.34E-08,7.14E-07,15.85
1.02E-08,3.58E-08,7.96E-08,7.76E-07,15.86
1.01E-08,3.58E-08,8.68E-08,8.48E-07,15.87
1.02E-08,3.67E-08,9.49E-08,9.28E-07,15.88
1.03E-08,3.85E-08,1.04E-07,1.01E-06,15.89
1.05E-08,4.07E-08,1.13E-07,1.11E-06,15.9
1.06E-08,4.32E-08,1.22E-07,1.20E-06,15.91
1.08E-08,4.57E-08,1.31E-07,1.29E-06,15.92
1.10E-08,4.79E-08,1.40E-07,1.38E-06,15.93
1.11E-08,4.95E-08,1.48E-07,1.46E-06,15.94
1.11E-08,5.02E-08,1.55E-07,1.53E-06,15.95
1.10E-08,4.95E-08,1.60E-07,1.58E-06,15.96
1.07E-08,4.70E-08,1.64E-07,1.61E-06,15.97
1.01E-08,4.25E-08,1.65E-07,1.62E-06,15.98
9.34E-09,3.54E-08,1.63E-07,1.60E-06,15.99
8.24E-09,2.52E-08,1.58E-07,1.55E-06,16
6.82E-09,1.19E-08,1.49E-07,1.46E-06,16.01
5.50E-09,4.40E-10,1.40E-07,1.37E-06,16.02
4.39E-09,1.07E-08,1.31E-07,1.28E-06,16.03
3.47E-09,1.90E-08,1.23E-07,1.20E-06,16.04
2.72E-09,2.56E-08,1.15E-07,1.13E-06,16.05
2.11E-09,3.09E-08,1.08E-07,1.05E-06,16.06
1.62E-09,3.49E-08,1.01E-07,9.86E-07,16.07
1.23E-09,3.79E-08,9.47E-08,9.22E-07,16.08
9.33E-10,4.00E-08,8.87E-08,8.63E-07,16.09
6.99E-10,4.15E-08,8.31E-08,8.06E-07,16.1
5.15E-10,4.25E-08,7.77E-08,7.53E-07,16.11
3.66E-10,4.32E-08,7.27E-08,7.03E-07,16.12
2.38E-10,4.36E-08,6.79E-08,6.56E-07,16.13
1.19E-10,4.40E-08,6.34E-08,6.11E-07,16.14
3.33E-12,4.44E-08,5.92E-08,5.68E-07,16.15
1.38E-10,4.49E-08,5.51E-08,5.28E-07,16.16
2.95E-10,4.56E-08,5.12E-08,4.89E-07,16.17
4.81E-10,4.67E-08,4.75E-08,4.53E-07,16.18
7.03E-10,4.80E-08,4.39E-08,4.17E-07,16.19
9.66E-10,4.98E-08,4.05E-08,3.83E-07,16.2
1.27E-09,5.21E-08,3.72E-08,3.50E-07,16.21
1.63E-09,5.48E-08,3.41E-08,3.19E-07,16.22
2.03E-09,5.80E-08,3.10E-08,2.88E-07,16.23
2.48E-09,6.17E-08,2.80E-08,2.58E-07,16.24
2.99E-09,6.58E-08,2.51E-08,2.29E-07,16.25
3.53E-09,7.05E-08,2.22E-08,2.01E-07,16.26
4.12E-09,7.55E-08,1.95E-08,1.73E-07,16.27
4.74E-09,8.09E-08,1.67E-08,1.45E-07,16.28
5.40E-09,8.66E-08,1.40E-08,1.18E-07,16.29
6.07E-09,9.25E-08,1.14E-08,9.20E-08,16.3
6.76E-09,9.86E-08,8.83E-09,6.60E-08,16.31
7.46E-09,1.05E-07,6.28E-09,4.04E-08,16.32
8.15E-09,1.11E-07,3.77E-09,1.52E-08,16.33
8.81E-09,1.17E-07,1.29E-09,9.67E-09,16.34
9.45E-09,1.22E-07,1.14E-09,3.41E-08,16.35
1.00E-08,1.27E-07,3.52E-09,5.80E-08,16.36
1.06E-08,1.32E-07,5.86E-09,8.14E-08,16.37
1.10E-08,1.35E-07,8.15E-09,1.04E-07,16.38
1.13E-08,1.38E-07,1.04E-08,1.27E-07,16.39
1.15E-08,1.39E-07,1.25E-08,1.48E-07,16.4
1.16E-08,1.39E-07,1.46E-08,1.69E-07,16.41
1.15E-08,1.37E-07,1.66E-08,1.88E-07,16.42
1.12E-08,1.33E-07,1.74E-08,1.95E-07,16.43
1.08E-08,1.28E-07,1.64E-08,1.85E-07,16.44
1.02E-08,1.22E-07,1.39E-08,1.61E-07,16.45
9.54E-09,1.15E-07,1.02E-08,1.23E-07,16.46
8.76E-09,1.07E-07,5.33E-09,7.45E-08,16.47
7.91E-09,9.78E-08,4.43E-10,1.67E-08,16.48
7.01E-09,8.85E-08,6.95E-09,4.84E-08,16.49
6.06E-09,7.88E-08,1.40E-08,1.19E-07,16.5
5.10E-09,6.89E-08,2.16E-08,1.94E-07,16.51
4.12E-09,5.89E-08,2.93E-08,2.72E-07,16.52
3.15E-09,4.91E-08,3.72E-08,3.51E-07,16.53
2.20E-09,3.94E-08,4.51E-08,4.30E-07,16.54
1.28E-09,3.01E-08,5.29E-08,5.08E-07,16.55
4.11E-10,2.12E-08,6.04E-08,5.83E-07,16.56
4.09E-10,1.29E-08,6.76E-08,6.54E-07,16.57
1.16E-09,5.15E-09,7.43E-08,7.22E-07,16.58
1.85E-09,1.86E-09,8.05E-08,7.83E-07,16.59
2.45E-09,8.08E-09,8.61E-08,8.39E-07,16.6
2.96E-09,1.34E-08,9.09E-08,8.87E-07,16.61
3.38E-09,1.79E-08,9.50E-08,9.28E-07,16.62
3.70E-09,2.14E-08,9.83E-08,9.61E-07,16.63
3.91E-09,2.39E-08,1.01E-07,9.85E-07,16.64
4.02E-09,2.54E-08,1.02E-07,1.00E-06,16.65
4.02E-09,2.59E-08,1.03E-07,1.01E-06,16.66
3.91E-09,2.53E-08,1.02E-07,1.00E-06,16.67
3.69E-09,2.36E-08,1.01E-07,9.87E-07,16.68
3.35E-09,2.09E-08,9.85E-08,9.63E-07,16.69
2.91E-09,1.72E-08,9.52E-08,9.30E-07,16.7
2.36E-09,1.24E-08,9.08E-08,8.87E-07,16.71
1.71E-09,6.68E-09,8.55E-08,8.34E-07,16.72
9.60E-10,3.28E-11,7.93E-08,7.72E-07,16.73
1.15E-10,7.50E-09,7.22E-08,7.01E-07,16.74
8.18E-10,1.58E-08,6.42E-08,6.21E-07,16.75
1.83E-09,2.49E-08,5.54E-08,5.33E-07,16.76
2.92E-09,3.47E-08,4.59E-08,4.39E-07,16.77
4.06E-09,4.50E-08,3.58E-08,3.37E-07,16.78
5.27E-09,5.58E-08,2.50E-08,2.30E-07,16.79
6.51E-09,6.70E-08,1.37E-08,1.17E-07,16.8
7.78E-09,7.85E-08,2.04E-09,8.48E-10,16.81
9.07E-09,9.01E-08,9.94E-09,1.19E-07,16.82
1.04E-08,1.02E-07,2.21E-08,2.40E-07,16.83
1.16E-08,1.13E-07,3.44E-08,3.62E-07,16.84
1.29E-08,1.24E-07,4.66E-08,4.84E-07,16.85
1.41E-08,1.35E-07,5.86E-08,6.04E-07,16.86
1.53E-08,1.45E-07,7.03E-08,7.21E-07,16.87
1.63E-08,1.54E-07,8.15E-08,8.32E-07,16.88
1.73E-08,1.62E-07,9.21E-08,9.37E-07,16.89
1.81E-08,1.70E-07,1.02E-07,1.03E-06,16.9
1.88E-08,1.75E-07,1.11E-07,1.12E-06,16.91
1.93E-08,1.79E-07,1.18E-07,1.20E-06,16.92
1.97E-08,1.81E-07,1.24E-07,1.26E-06,16.93
1.98E-08,1.82E-07,1.29E-07,1.30E-06,16.94
1.97E-08,1.79E-07,1.32E-07,1.33E-06,16.95
1.93E-08,1.75E-07,1.32E-07,1.34E-06,16.96
1.86E-08,1.67E-07,1.31E-07,1.32E-06,16.97
1.76E-08,1.56E-07,1.27E-07,1.28E-06,16.98
1.64E-08,1.44E-07,1.21E-07,1.22E-06,16.99
1.57E-08,1.36E-07,1.14E-07,1.15E-06,17
1.52E-08,1.32E-07,1.06E-07,1.08E-06,17.01
1.51E-08,1.30E-07,9.79E-08,9.92E-07,17.02
1.52E-08,1.31E-07,8.91E-08,9.05E-07,17.03
1.55E-08,1.34E-07,8.00E-08,8.15E-07,17.04
1.60E-08,1.40E-07,7.07E-08,7.23E-07,17.05
1.68E-08,1.47E-07,6.13E-08,6.30E-07,17.06
1.76E-08,1.55E-07,5.20E-08,5.38E-07,17.07
1.86E-08,1.65E-07,4.29E-08,4.48E-07,17.08
1.97E-08,1.76E-07,3.40E-08,3.60E-07,17.09
2.08E-08,1.88E-07,2.54E-08,2.76E-07,17.1
2.20E-08,2.00E-07,1.73E-08,1.96E-07,17.11
2.32E-08,2.12E-07,9.67E-09,1.22E-07,17.12
2.44E-08,2.24E-07,2.65E-09,5.28E-08,17.13
2.56E-08,2.36E-07,3.71E-09,9.59E-09,17.14
2.68E-08,2.48E-07,9.37E-09,6.49E-08,17.15
2.79E-08,2.59E-07,1.43E-08,1.13E-07,17.16
2.89E-08,2.70E-07,1.83E-08,1.53E-07,17.17
2.99E-08,2.80E-07,2.16E-08,1.84E-07,17.18
3.08E-08,2.88E-07,2.40E-08,2.07E-07,17.19
3.16E-08,2.96E-07,2.54E-08,2.21E-07,17.2
3.22E-08,3.02E-07,2.60E-08,2.26E-07,17.21
3.27E-08,3.07E-07,2.56E-08,2.23E-07,17.22
3.31E-08,3.11E-07,2.44E-08,2.10E-07,17.23
3.34E-08,3.13E-07,2.22E-08,1.88E-07,17.24
3.35E-08,3.14E-07,1.91E-08,1.57E-07,17.25
3.35E-08,3.13E-07,1.51E-08,1.18E-07,17.26
3.33E-08,3.10E-07,1.03E-08,7.00E-08,17.27
3.29E-08,3.06E-07,4.62E-09,1.42E-08,17.28
3.24E-08,3.00E-07,1.81E-09,4.91E-08,17.29
3.17E-08,2.92E-07,8.97E-09,1.20E-07,17.3
3.08E-08,2.82E-07,1.68E-08,1.97E-07,17.31
2.98E-08,2.71E-07,2.53E-08,2.80E-07,17.32
2.86E-08,2.58E-07,3.42E-08,3.68E-07,17.33
2.73E-08,2.44E-07,4.37E-08,4.61E-07,17.34
2.58E-08,2.28E-07,5.35E-08,5.57E-07,17.35
2.42E-08,2.10E-07,6.37E-08,6.57E-07,17.36
2.24E-08,1.91E-07,7.40E-08,7.58E-07,17.37
2.06E-08,1.71E-07,8.44E-08,8.60E-07,17.38
1.86E-08,1.49E-07,9.48E-08,9.61E-07,17.39
1.65E-08,1.27E-07,1.05E-07,1.06E-06,17.4
1.43E-08,1.03E-07,1.15E-07,1.16E-06,17.41
1.20E-08,7.87E-08,1.25E-07,1.25E-06,17.42
9.62E-09,5.36E-08,1.34E-07,1.34E-06,17.43
7.21E-09,2.80E-08,1.42E-07,1.42E-06,17.44
4.77E-09,2.07E-09,1.49E-07,1.49E-06,17.45
2.31E-09,2.40E-08,1.56E-07,1.55E-06,17.46
1.57E-10,5.00E-08,1.61E-07,1.61E-06,17.47
2.60E-09,7.58E-08,1.65E-07,1.64E-06,17.48
5.00E-09,1.01E-07,1.67E-07,1.66E-06,17.49
7.35E-09,1.26E-07,1.68E-07,1.67E-06,17.5
9.60E-09,1.49E-07,1.67E-07,1.65E-06,17.51
1.18E-08,1.71E-07,1.63E-07,1.62E-06,17.52
1.38E-08,1.92E-07,1.58E-07,1.56E-06,17.53
1.56E-08,2.11E-07,1.49E-07,1.48E-06,17.54
1.73E-08,2.28E-07,1.38E-07,1.36E-06,17.55
1.87E-08,2.42E-07,1.24E-07,1.22E-06,17.56
1.99E-08,2.54E-07,1.06E-07,1.05E-06,17.57
2.08E-08,2.62E-07,8.81E-08,8.65E-07,17.58
2.13E-08,2.66E-07,7.26E-08,7.11E-07,17.59
2.13E-08,2.66E-07,5.98E-08,5.84E-07,17.6
2.11E-08,2.63E-07,4.93E-08,4.79E-07,17.61
2.06E-08,2.58E-07,4.07E-08,3.95E-07,17.62
1.98E-08,2.50E-07,3.39E-08,3.27E-07,17.63
1.89E-08,2.41E-07,2.85E-08,2.74E-07,17.64
1.79E-08,2.31E-07,2.43E-08,2.33E-07,17.65
1.68E-08,2.19E-07,2.11E-08,2.02E-07,17.66
1.57E-08,2.08E-07,1.85E-08,1.77E-07,17.67
1.45E-08,1.96E-07,1.65E-08,1.58E-07,17.68
1.34E-08,1.84E-07,1.49E-08,1.42E-07,17.69
1.23E-08,1.73E-07,1.34E-08,1.28E-07,17.7
1.12E-08,1.63E-07,1.19E-08,1.14E-07,17.71
1.03E-08,1.53E-07,1.03E-08,9.80E-08,17.72
9.43E-09,1.44E-07,8.41E-09,8.02E-08,17.73
8.70E-09,1.37E-07,6.23E-09,5.89E-08,17.74
8.11E-09,1.31E-07,3.63E-09,3.34E-08,17.75
7.66E-09,1.26E-07,5.48E-10,3.05E-09,17.76
7.36E-09,1.23E-07,3.06E-09,3.26E-08,17.77
7.20E-09,1.21E-07,7.22E-09,7.40E-08,17.78
7.20E-09,1.21E-07,1.20E-08,1.21E-07,17.79
7.34E-09,1.22E-07,1.73E-08,1.74E-07,17.8
7.61E-09,1.25E-07,2.31E-08,2.32E-07,17.81
8.01E-09,1.29E-07,2.94E-08,2.95E-07,17.82
8.53E-09,1.34E-07,3.62E-08,3.63E-07,17.83
9.14E-09,1.40E-07,4.34E-08,4.35E-07,17.84
9.84E-09,1.46E-07,5.08E-08,5.09E-07,17.85
1.06E-08,1.54E-07,5.84E-08,5.85E-07,17.86
1.14E-08,1.61E-07,6.61E-08,6.62E-07,17.87
1.21E-08,1.69E-07,7.36E-08,7.37E-07,17.88
1.29E-08,1.76E-07,8.09E-08,8.10E-07,17.89
1.36E-08,1.83E-07,8.77E-08,8.79E-07,17.9
1.42E-08,1.89E-07,9.39E-08,9.41E-07,17.91
1.46E-08,1.93E-07,9.93E-08,9.94E-07,17.92
1.48E-08,1.95E-07,1.04E-07,1.04E-06,17.93
1.49E-08,1.95E-07,1.06E-07,1.07E-06,17.94
1.46E-08,1.92E-07,1.08E-07,1.08E-06,17.95
1.40E-08,1.86E-07,1.07E-07,1.07E-06,17.96
1.30E-08,1.77E-07,1.05E-07,1.05E-06,17.97
1.20E-08,1.67E-07,1.01E-07,1.01E-06,17.98
1.10E-08,1.57E-07,9.76E-08,9.75E-07,17.99
1.02E-08,1.48E-07,9.35E-08,9.35E-07,18
9.31E-09,1.40E-07,8.92E-08,8.92E-07,18.01
8.52E-09,1.33E-07,8.48E-08,8.47E-07,18.02
7.78E-09,1.26E-07,8.03E-08,8.02E-07,18.03
7.07E-09,1.19E-07,7.57E-08,7.56E-07,18.04
6.41E-09,1.13E-07,7.11E-08,7.10E-07,18.05
5.79E-09,1.07E-07,6.66E-08,6.64E-07,18.06
5.19E-09,1.01E-07,6.21E-08,6.20E-07,18.07
4.64E-09,9.57E-08,5.78E-08,5.77E-07,18.08
4.11E-09,9.07E-08,5.37E-08,5.36E-07,18.09
3.61E-09,8.59E-08,4.98E-08,4.97E-07,18.1
3.13E-09,8.14E-08,4.61E-08,4.60E-07,18.11
2.68E-09,7.71E-08,4.26E-08,4.25E-07,18.12
2.25E-09,7.30E-08,3.95E-08,3.94E-07,18.13
1.84E-09,6.90E-08,3.66E-08,3.65E-07,18.14
1.44E-09,6.51E-08,3.40E-08,3.39E-07,18.15
1.07E-09,6.14E-08,3.17E-08,3.15E-07,18.16
7.04E-10,5.79E-08,2.96E-08,2.95E-07,18.17
3.56E-10,5.44E-08,2.79E-08,2.78E-07,18.18
2.02E-11,5.10E-08,2.65E-08,2.63E-07,18.19
3.04E-10,4.77E-08,2.53E-08,2.51E-07,18.2
6.18E-10,4.45E-08,2.44E-08,2.42E-07,18.21
9.21E-10,4.13E-08,2.37E-08,2.35E-07,18.22
1.22E-09,3.83E-08,2.32E-08,2.30E-07,18.23
1.50E-09,3.53E-08,2.29E-08,2.27E-07,18.24
1.78E-09,3.24E-08,2.27E-08,2.25E-07,18.25
2.05E-09,2.95E-08,2.26E-08,2.24E-07,18.26
2.31E-09,2.67E-08,2.26E-08,2.24E-07,18.27
2.56E-09,2.41E-08,2.26E-08,2.24E-07,18.28
2.81E-09,2.15E-08,2.26E-08,2.23E-07,18.29
3.04E-09,1.90E-08,2.24E-08,2.22E-07,18.3
3.27E-09,1.66E-08,2.22E-08,2.19E-07,18.31
3.49E-09,1.43E-08,2.17E-08,2.14E-07,18.32
3.69E-09,1.22E-08,2.09E-08,2.06E-07,18.33
3.89E-09,1.03E-08,1.97E-08,1.95E-07,18.34
4.07E-09,8.46E-09,1.82E-08,1.79E-07,18.35
4.24E-09,6.84E-09,1.61E-08,1.58E-07,18.36
4.31E-09,6.31E-09,1.41E-08,1.39E-07,18.37
4.16E-09,8.16E-09,1.33E-08,1.31E-07,18.38
3.81E-09,1.21E-08,1.35E-08,1.34E-07,18.39
3.28E-09,1.79E-08,1.47E-08,1.46E-07,18.4
2.61E-09,2.53E-08,1.68E-08,1.67E-07,18.41
1.81E-09,3.41E-08,1.95E-08,1.95E-07,18.42
8.98E-10,4.40E-08,2.29E-08,2.29E-07,18.43
9.56E-11,5.48E-08,2.68E-08,2.68E-07,18.44
1.15E-09,6.62E-08,3.11E-08,3.12E-07,18.45
2.26E-09,7.81E-08,3.57E-08,3.59E-07,18.46
3.39E-09,9.04E-08,4.06E-08,4.08E-07,18.47
4.54E-09,1.03E-07,4.57E-08,4.59E-07,18.48
5.68E-09,1.15E-07,5.08E-08,5.10E-07,18.49
6.80E-09,1.27E-07,5.59E-08,5.62E-07,18.5
7.89E-09,1.39E-07,6.09E-08,6.13E-07,18.51
8.93E-09,1.50E-07,6.59E-08,6.63E-07,18.52
9.91E-09,1.60E-07,7.06E-08,7.10E-07,18.53
1.08E-08,1.70E-07,7.51E-08,7.55E-07,18.54
1.17E-08,1.79E-07,7.92E-08,7.97E-07,18.55
1.24E-08,1.87E-07,8.30E-08,8.35E-07,18.56
1.30E-08,1.94E-07,8.64E-08,8.70E-07,18.57
1.36E-08,1.99E-07,8.94E-08,8.99E-07,18.58
1.40E-08,2.04E-07,9.19E-08,9.24E-07,18.59
1.43E-08,2.07E-07,9.38E-08,9.44E-07,18.6
1.45E-08,2.09E-07,9.52E-08,9.58E-07,18.61
1.45E-08,2.10E-07,9.61E-08,9.67E-07,18.62
1.44E-08,2.09E-07,9.64E-08,9.70E-07,18.63
1.42E-08,2.07E-07,9.61E-08,9.66E-07,18.64
1.39E-08,2.03E-07,9.51E-08,9.57E-07,18.65
1.34E-08,1.98E-07,9.36E-08,9.41E-07,18.66
1.28E-08,1.92E-07,9.14E-08,9.20E-07,18.67
1.21E-08,1.84E-07,8.86E-08,8.91E-07,18.68
1.12E-08,1.75E-07,8.52E-08,8.57E-07,18.69
1.02E-08,1.65E-07,8.12E-08,8.17E-07,18.7
9.15E-09,1.53E-07,7.67E-08,7.71E-07,18.71
7.94E-09,1.41E-07,7.15E-08,7.19E-07,18.72
6.62E-09,1.27E-07,6.58E-08,6.62E-07,18.73
5.21E-09,1.12E-07,5.96E-08,5.99E-07,18.74
3.72E-09,9.64E-08,5.30E-08,5.32E-07,18.75
2.14E-09,7.99E-08,4.58E-08,4.60E-07,18.76
5.01E-10,6.28E-08,3.83E-08,3.85E-07,18.77
1.20E-09,4.50E-08,3.04E-08,3.05E-07,18.78
2.94E-09,2.68E-08,2.22E-08,2.23E-07,18.79
4.70E-09,8.38E-09,1.38E-08,1.38E-07,18.8
6.49E-09,1.02E-08,5.11E-09,5.05E-08,18.81
8.27E-09,2.88E-08,3.69E-09,3.80E-08,18.82
1.00E-08,4.72E-08,1.26E-08,1.27E-07,18.83
1.18E-08,6.52E-08,2.14E-08,2.16E-07,18.84
1.34E-08,8.27E-08,3.02E-08,3.05E-07,18.85
1.50E-08,9.93E-08,3.88E-08,3.91E-07,18.86
1.65E-08,1.15E-07,4.72E-08,4.76E-07,18.87
1.79E-08,1.30E-07,5.53E-08,5.57E-07,18.88
1.92E-08,1.43E-07,6.30E-08,6.33E-07,18.89
2.03E-08,1.54E-07,7.01E-08,7.05E-07,18.9
2.12E-08,1.63E-07,7.66E-08,7.70E-07,18.91
2.19E-08,1.71E-07,8.24E-08,8.28E-07,18.92
2.23E-08,1.76E-07,8.74E-08,8.78E-07,18.93
2.25E-08,1.78E-07,9.14E-08,9.18E-07,18.94
2.24E-08,1.77E-07,9.44E-08,9.47E-07,18.95
2.20E-08,1.73E-07,9.61E-08,9.64E-07,18.96
2.12E-08,1.65E-07,9.66E-08,9.68E-07,18.97
2.02E-08,1.54E-07,9.41E-08,9.43E-07,18.98
1.90E-08,1.43E-07,8.76E-08,8.77E-07,18.99
1.77E-08,1.30E-07,7.74E-08,7.76E-07,19
1.63E-08,1.16E-07,6.42E-08,6.43E-07,19.01
1.48E-08,1.01E-07,4.82E-08,4.83E-07,19.02
1.33E-08,8.61E-08,3.00E-08,3.02E-07,19.03
1.18E-08,7.08E-08,1.01E-08,1.03E-07,19.04
1.02E-08,5.56E-08,1.13E-08,1.10E-07,19.05
8.68E-09,4.05E-08,3.36E-08,3.34E-07,19.06
7.16E-09,2.57E-08,5.66E-08,5.63E-07,19.07
5.70E-09,1.13E-08,7.99E-08,7.95E-07,19.08
4.29E-09,2.37E-09,1.03E-07,1.03E-06,19.09
2.96E-09,1.53E-08,1.26E-07,1.26E-06,19.1
1.71E-09,2.74E-08,1.48E-07,1.48E-06,19.11
5.67E-10,3.85E-08,1.70E-07,1.69E-06,19.12
4.68E-10,4.84E-08,1.90E-07,1.89E-06,19.13
1.38E-09,5.72E-08,2.09E-07,2.08E-06,19.14
2.17E-09,6.47E-08,2.26E-07,2.25E-06,19.15
2.82E-09,7.09E-08,2.41E-07,2.40E-06,19.16
3.33E-09,7.57E-08,2.55E-07,2.54E-06,19.17
3.69E-09,7.90E-08,2.66E-07,2.65E-06,19.18
3.90E-09,8.09E-08,2.75E-07,2.74E-06,19.19
3.96E-09,8.12E-08,2.82E-07,2.81E-06,19.2
3.86E-09,8.01E-08,2.86E-07,2.85E-06,19.21
3.61E-09,7.74E-08,2.88E-07,2.87E-06,19.22
3.20E-09,7.33E-08,2.87E-07,2.86E-06,19.23
2.64E-09,6.76E-08,2.84E-07,2.82E-06,19.24
1.93E-09,6.05E-08,2.77E-07,2.76E-06,19.25
1.08E-09,5.20E-08,2.69E-07,2.68E-06,19.26
8.00E-11,4.22E-08,2.57E-07,2.56E-06,19.27
1.05E-09,3.10E-08,2.43E-07,2.42E-06,19.28
2.31E-09,1.87E-08,2.27E-07,2.26E-06,19.29
3.68E-09,5.21E-09,2.08E-07,2.07E-06,19.3
5.16E-09,9.29E-09,1.87E-07,1.86E-06,19.31
6.74E-09,2.47E-08,1.63E-07,1.62E-06,19.32
8.41E-09,4.09E-08,1.38E-07,1.37E-06,19.33
1.01E-08,5.78E-08,1.10E-07,1.09E-06,19.34
1.19E-08,7.52E-08,8.10E-08,8.03E-07,19.35
1.38E-08,9.29E-08,5.02E-08,4.96E-07,19.36
1.56E-08,1.11E-07,1.81E-08,1.76E-07,19.37
1.75E-08,1.29E-07,1.51E-08,1.55E-07,19.38
1.93E-08,1.47E-07,4.92E-08,4.94E-07,19.39
2.12E-08,1.64E-07,8.38E-08,8.39E-07,19.4
2.29E-08,1.81E-07,1.19E-07,1.19E-06,19.41
2.46E-08,1.97E-07,1.54E-07,1.53E-06,19.42
2.62E-08,2.12E-07,1.88E-07,1.88E-06,19.43
2.76E-08,2.26E-07,2.22E-07,2.21E-06,19.44
2.90E-08,2.39E-07,2.55E-07,2.54E-06,19.45
3.01E-08,2.49E-07,2.86E-07,2.85E-06,19.46
3.10E-08,2.58E-07,3.15E-07,3.14E-06,19.47
3.17E-08,2.64E-07,3.42E-07,3.41E-06,19.48
3.21E-08,2.68E-07,3.66E-07,3.65E-06,19.49
3.22E-08,2.68E-07,3.87E-07,3.86E-06,19.5
3.20E-08,2.66E-07,4.05E-07,4.03E-06,19.51
3.14E-08,2.60E-07,4.18E-07,4.16E-06,19.52
3.05E-08,2.50E-07,4.26E-07,4.24E-06,19.53
2.91E-08,2.36E-07,4.29E-07,4.27E-06,19.54
2.72E-08,2.17E-07,4.26E-07,4.24E-06,19.55
2.48E-08,1.93E-07,4.17E-07,4.15E-06,19.56
2.18E-08,1.64E-07,4.00E-07,3.98E-06,19.57
1.83E-08,1.29E-07,3.76E-07,3.74E-06,19.58
1.49E-08,9.68E-08,3.50E-07,3.48E-06,19.59
1.22E-08,7.08E-08,3.26E-07,3.24E-06,19.6
1.01E-08,5.06E-08,3.05E-07,3.02E-06,19.61
8.55E-09,3.56E-08,2.84E-07,2.82E-06,19.62
7.39E-09,2.49E-08,2.66E-07,2.64E-06,19.63
6.60E-09,1.79E-08,2.49E-07,2.47E-06,19.64
6.11E-09,1.39E-08,2.33E-07,2.32E-06,19.65
5.88E-09,1.24E-08,2.19E-07,2.17E-06,19.66
5.83E-09,1.28E-08,2.06E-07,2.04E-06,19.67
5.91E-09,1.46E-08,1.93E-07,1.91E-06,19.68
6.09E-09,1.72E-08,1.81E-07,1.80E-06,19.69
6.31E-09,2.02E-08,1.71E-07,1.69E-06,19.7
6.54E-09,2.33E-08,1.60E-07,1.59E-06,19.71
6.73E-09,2.60E-08,1.51E-07,1.49E-06,19.72
6.86E-09,2.80E-08,1.41E-07,1.40E-06,19.73
6.89E-09,2.91E-08,1.32E-07,1.31E-06,19.74
6.81E-09,2.89E-08,1.24E-07,1.23E-06,19.75
6.59E-09,2.74E-08,1.15E-07,1.14E-06,19.76
6.22E-09,2.42E-08,1.07E-07,1.06E-06,19.77
5.67E-09,1.93E-08,9.91E-08,9.82E-07,19.78
4.95E-09,1.26E-08,9.11E-08,9.01E-07,19.79
4.05E-09,4.09E-09,8.31E-08,8.21E-07,19.8
2.96E-09,6.34E-09,7.51E-08,7.41E-07,19.81
1.69E-09,1.86E-08,6.71E-08,6.61E-07,19.82
2.49E-10,3.27E-08,5.90E-08,5.80E-07,19.83
1.36E-09,4.84E-08,5.09E-08,4.99E-07,19.84
3.11E-09,6.57E-08,4.28E-08,4.16E-07,19.85
5.00E-09,8.42E-08,3.45E-08,3.34E-07,19.86
7.00E-09,1.04E-07,2.63E-08,2.50E-07,19.87
9.08E-09,1.24E-07,1.80E-08,1.67E-07,19.88
1.12E-08,1.46E-07,9.70E-09,8.30E-08,19.89
1.34E-08,1.67E-07,1.43E-09,5.14E-10,19.9
1.55E-08,1.88E-07,6.78E-09,8.34E-08,19.91
1.76E-08,2.08E-07,1.49E-08,1.65E-07,19.92
1.95E-08,2.28E-07,2.28E-08,2.45E-07,19.93
2.13E-08,2.46E-07,3.06E-08,3.23E-07,19.94
2.29E-08,2.61E-07,3.80E-08,3.98E-07,19.95
2.43E-08,2.74E-07,4.51E-08,4.70E-07,19.96
2.53E-08,2.84E-07,5.18E-08,5.37E-07,19.97
2.59E-08,2.89E-07,5.80E-08,5.98E-07,19.98
2.60E-08,2.90E-07,6.36E-08,6.54E-07,19.99
2.56E-08,2.86E-07,6.84E-08,7.02E-07,20
